<?xml version="1.0"?>
<doc>
    <assembly>
        <name>NAnt.NUnit2ReportTasks</name>
    </assembly>
    <members>
        <member name="T:NAnt.NUnit2ReportTasks.NUnit2ReportTask">
            <summary>
            A task that generates a summary HTML
            from a set of NUnit xml report files.
            </summary>
            <remarks>
            This task can generate a combined HTML report out of a
            set of NUnit result files generated using the 
            XML Result Formatter.
            
            By default, NUnitReport will generate the combined
            report using the NUnitSummary.xsl file located at the
            assembly's location, but you can specify a different
            XSLT template to use with the <code>xslfile</code>
            attribute.
            
            Also, all the properties defined in the current
            project will be passed down to the XSLT file as 
            template parameters, so you can access properties
            such as nant.project.name, nant.version, etc.
            </remarks>
            <example>
              <code><![CDATA[
              <nunit2report 
                    out="${outputdir}\TestSummary.html"
                    >
                 <fileset>
                    <includes name="${outputdir}\results.xml" />
                 </fileset>
              </nunit2report>
              
              ]]></code>
            </example>
        </member>
        <member name="M:NAnt.NUnit2ReportTasks.NUnit2ReportTask.InitializeTask(System.Xml.XmlNode)">
            <summary>
            Initializes task and ensures the supplied attributes are valid.
            </summary>
            <param name="taskNode">Xml node used to define this task instance.</param>
        </member>
        <member name="M:NAnt.NUnit2ReportTasks.NUnit2ReportTask.ExecuteTask">
            <summary>
            This is where the work is done
            </summary>
        </member>
        <member name="M:NAnt.NUnit2ReportTasks.NUnit2ReportTask.CreateSummaryXmlDoc">
            <summary>
            Initializes the XmlDocument instance
            used to summarize the test results
            </summary>
            <returns></returns>
        </member>
        <member name="M:NAnt.NUnit2ReportTasks.NUnit2ReportTask.GetPropertyList">
            <summary>
            Builds an XsltArgumentList with all
            the properties defined in the 
            current project as XSLT parameters.
            </summary>
            <returns></returns>
        </member>
        <member name="P:NAnt.NUnit2ReportTasks.NUnit2ReportTask.Format">
            <summary>
            The format of the generated report. 
            Must be "noframes" or "frames". 
            Default to "noframes".
            </summary>
        </member>
        <member name="P:NAnt.NUnit2ReportTasks.NUnit2ReportTask.Language">
            <summary>
            The output language.
            </summary>
        </member>
        <member name="P:NAnt.NUnit2ReportTasks.NUnit2ReportTask.OpenDescription">
            <summary>
            Open all description method. Default to "false".
            </summary>
        </member>
        <member name="P:NAnt.NUnit2ReportTasks.NUnit2ReportTask.Todir">
            <summary>
            The directory where the files resulting from the transformation should be written to.
            </summary>
        </member>
        <member name="P:NAnt.NUnit2ReportTasks.NUnit2ReportTask.OutFilename">
            <summary>
            Index of the Output HTML file(s).
            Default to "index.htm".
            </summary>
        </member>
        <member name="P:NAnt.NUnit2ReportTasks.NUnit2ReportTask.XmlFileSet">
            <summary>
            Set of XML files to use as input
            </summary>
        </member>
        <member name="P:NAnt.NUnit2ReportTasks.NUnit2ReportTask.XmlSummaries">
            <summary>
            Set of XML files to use as input
            </summary>
        </member>
    </members>
</doc>
