<?xml version="1.0" encoding="UTF-8"?>
<DEFECTS>
<OACRDEFECTCOUNT>37</OACRDEFECTCOUNT>
<OACRERRORCOUNT>0</OACRERRORCOUNT>
<DEFECT _seq="1"><SFA><LINE>95</LINE><COLUMN>9</COLUMN><FILENAME>candrv.c</FILENAME><FILEPATH>c:\sergeybromirskiy\work\nim351\can\src\can\xp\</FILEPATH></SFA><DEFECTCODE>28101</DEFECTCODE><DESCRIPTION>The Drivers module has inferred that the current function is a DRIVER_INITIALIZE function:  This is informational only. No problem has been detected.</DESCRIPTION><FUNCTION>DriverEntry</FUNCTION><FUNCLINE>95</FUNCLINE><PATH/></DEFECT>
<DEFECT _seq="2"><SFA><LINE>110</LINE><COLUMN>49</COLUMN><FILENAME>candrv.c</FILENAME><FILEPATH>c:\sergeybromirskiy\work\nim351\can\src\can\xp\</FILEPATH></SFA><DEFECTCODE>28159</DEFECTCODE><DESCRIPTION>Consider using 'ExAllocatePoolWithTag' instead of 'ExAllocatePool'. Reason: No tag interferes with debugging..</DESCRIPTION><FUNCTION>DriverEntry</FUNCTION><FUNCLINE>95</FUNCLINE><PATH/></DEFECT>
<DEFECT _seq="3"><SFA><LINE>135</LINE><COLUMN>55</COLUMN><FILENAME>candrv.c</FILENAME><FILEPATH>c:\sergeybromirskiy\work\nim351\can\src\can\xp\</FILEPATH></SFA><DEFECTCODE>28169</DEFECTCODE><DESCRIPTION>The dispatch function 'CanWrite' does not have any __drv_dispatchType annotations:  This can be corrected by adding appropriate __drv_dispatchType annotations to the function. Unnecessary casts can cause this warning.</DESCRIPTION><FUNCTION>DriverEntry</FUNCTION><FUNCLINE>95</FUNCLINE><PATH/></DEFECT>
<DEFECT _seq="4"><SFA><LINE>136</LINE><COLUMN>55</COLUMN><FILENAME>candrv.c</FILENAME><FILEPATH>c:\sergeybromirskiy\work\nim351\can\src\can\xp\</FILEPATH></SFA><DEFECTCODE>28169</DEFECTCODE><DESCRIPTION>The dispatch function 'CanRead' does not have any __drv_dispatchType annotations:  This can be corrected by adding appropriate __drv_dispatchType annotations to the function. Unnecessary casts can cause this warning.</DESCRIPTION><FUNCTION>DriverEntry</FUNCTION><FUNCLINE>95</FUNCLINE><PATH/></DEFECT>
<DEFECT _seq="5"><SFA><LINE>137</LINE><COLUMN>55</COLUMN><FILENAME>candrv.c</FILENAME><FILEPATH>c:\sergeybromirskiy\work\nim351\can\src\can\xp\</FILEPATH></SFA><DEFECTCODE>28169</DEFECTCODE><DESCRIPTION>The dispatch function 'CanIoControl' does not have any __drv_dispatchType annotations:  This can be corrected by adding appropriate __drv_dispatchType annotations to the function. Unnecessary casts can cause this warning.</DESCRIPTION><FUNCTION>DriverEntry</FUNCTION><FUNCLINE>95</FUNCLINE><PATH/></DEFECT>
<DEFECT _seq="6"><SFA><LINE>139</LINE><COLUMN>55</COLUMN><FILENAME>candrv.c</FILENAME><FILEPATH>c:\sergeybromirskiy\work\nim351\can\src\can\xp\</FILEPATH></SFA><DEFECTCODE>28169</DEFECTCODE><DESCRIPTION>The dispatch function 'CanCreateOpen' does not have any __drv_dispatchType annotations:  This can be corrected by adding appropriate __drv_dispatchType annotations to the function. Unnecessary casts can cause this warning.</DESCRIPTION><FUNCTION>DriverEntry</FUNCTION><FUNCLINE>95</FUNCLINE><PATH/></DEFECT>
<DEFECT _seq="7"><SFA><LINE>140</LINE><COLUMN>55</COLUMN><FILENAME>candrv.c</FILENAME><FILEPATH>c:\sergeybromirskiy\work\nim351\can\src\can\xp\</FILEPATH></SFA><DEFECTCODE>28169</DEFECTCODE><DESCRIPTION>The dispatch function 'CanClose' does not have any __drv_dispatchType annotations:  This can be corrected by adding appropriate __drv_dispatchType annotations to the function. Unnecessary casts can cause this warning.</DESCRIPTION><FUNCTION>DriverEntry</FUNCTION><FUNCLINE>95</FUNCLINE><PATH/></DEFECT>
<DEFECT _seq="8"><SFA><LINE>141</LINE><COLUMN>55</COLUMN><FILENAME>candrv.c</FILENAME><FILEPATH>c:\sergeybromirskiy\work\nim351\can\src\can\xp\</FILEPATH></SFA><DEFECTCODE>28169</DEFECTCODE><DESCRIPTION>The dispatch function 'CanDispatchPnp' does not have any __drv_dispatchType annotations:  This can be corrected by adding appropriate __drv_dispatchType annotations to the function. Unnecessary casts can cause this warning.</DESCRIPTION><FUNCTION>DriverEntry</FUNCTION><FUNCLINE>95</FUNCLINE><PATH/></DEFECT>
<DEFECT _seq="9"><SFA><LINE>142</LINE><COLUMN>55</COLUMN><FILENAME>candrv.c</FILENAME><FILEPATH>c:\sergeybromirskiy\work\nim351\can\src\can\xp\</FILEPATH></SFA><DEFECTCODE>28169</DEFECTCODE><DESCRIPTION>The dispatch function 'CanPowerDispatch' does not have any __drv_dispatchType annotations:  This can be corrected by adding appropriate __drv_dispatchType annotations to the function. Unnecessary casts can cause this warning.</DESCRIPTION><FUNCTION>DriverEntry</FUNCTION><FUNCLINE>95</FUNCLINE><PATH/></DEFECT>
<DEFECT _seq="10"><SFA><LINE>131</LINE><COLUMN>55</COLUMN><FILENAME>candrv.c</FILENAME><FILEPATH>c:\sergeybromirskiy\work\nim351\can\src\can\xp\</FILEPATH></SFA><DEFECTCODE>28155</DEFECTCODE><DESCRIPTION>The function being assigned or passed should be a DRIVER_UNLOAD function:  Add the declaration 'DRIVER_UNLOAD CanUnload;' before the current first declaration of CanUnload.</DESCRIPTION><FUNCTION>DriverEntry</FUNCTION><FUNCLINE>95</FUNCLINE><PATH/></DEFECT>
<DEFECT _seq="11"><SFA><LINE>132</LINE><COLUMN>55</COLUMN><FILENAME>candrv.c</FILENAME><FILEPATH>c:\sergeybromirskiy\work\nim351\can\src\can\xp\</FILEPATH></SFA><DEFECTCODE>28155</DEFECTCODE><DESCRIPTION>The function being assigned or passed should be a DRIVER_ADD_DEVICE function:  Add the declaration 'DRIVER_ADD_DEVICE CanAddDevice;' before the current first declaration of CanAddDevice.</DESCRIPTION><FUNCTION>DriverEntry</FUNCTION><FUNCLINE>95</FUNCLINE><PATH/></DEFECT>
<DEFECT _seq="12"><SFA><LINE>135</LINE><COLUMN>55</COLUMN><FILENAME>candrv.c</FILENAME><FILEPATH>c:\sergeybromirskiy\work\nim351\can\src\can\xp\</FILEPATH></SFA><DEFECTCODE>28155</DEFECTCODE><DESCRIPTION>The function being assigned or passed should be a DRIVER_DISPATCH function:  Add the declaration 'DRIVER_DISPATCH CanWrite;' before the current first declaration of CanWrite.</DESCRIPTION><FUNCTION>DriverEntry</FUNCTION><FUNCLINE>95</FUNCLINE><PATH/></DEFECT>
<DEFECT _seq="13"><SFA><LINE>136</LINE><COLUMN>55</COLUMN><FILENAME>candrv.c</FILENAME><FILEPATH>c:\sergeybromirskiy\work\nim351\can\src\can\xp\</FILEPATH></SFA><DEFECTCODE>28155</DEFECTCODE><DESCRIPTION>The function being assigned or passed should be a DRIVER_DISPATCH function:  Add the declaration 'DRIVER_DISPATCH CanRead;' before the current first declaration of CanRead.</DESCRIPTION><FUNCTION>DriverEntry</FUNCTION><FUNCLINE>95</FUNCLINE><PATH/></DEFECT>
<DEFECT _seq="14"><SFA><LINE>137</LINE><COLUMN>55</COLUMN><FILENAME>candrv.c</FILENAME><FILEPATH>c:\sergeybromirskiy\work\nim351\can\src\can\xp\</FILEPATH></SFA><DEFECTCODE>28155</DEFECTCODE><DESCRIPTION>The function being assigned or passed should be a DRIVER_DISPATCH function:  Add the declaration 'DRIVER_DISPATCH CanIoControl;' before the current first declaration of CanIoControl.</DESCRIPTION><FUNCTION>DriverEntry</FUNCTION><FUNCLINE>95</FUNCLINE><PATH/></DEFECT>
<DEFECT _seq="15"><SFA><LINE>139</LINE><COLUMN>55</COLUMN><FILENAME>candrv.c</FILENAME><FILEPATH>c:\sergeybromirskiy\work\nim351\can\src\can\xp\</FILEPATH></SFA><DEFECTCODE>28155</DEFECTCODE><DESCRIPTION>The function being assigned or passed should be a DRIVER_DISPATCH function:  Add the declaration 'DRIVER_DISPATCH CanCreateOpen;' before the current first declaration of CanCreateOpen.</DESCRIPTION><FUNCTION>DriverEntry</FUNCTION><FUNCLINE>95</FUNCLINE><PATH/></DEFECT>
<DEFECT _seq="16"><SFA><LINE>140</LINE><COLUMN>55</COLUMN><FILENAME>candrv.c</FILENAME><FILEPATH>c:\sergeybromirskiy\work\nim351\can\src\can\xp\</FILEPATH></SFA><DEFECTCODE>28155</DEFECTCODE><DESCRIPTION>The function being assigned or passed should be a DRIVER_DISPATCH function:  Add the declaration 'DRIVER_DISPATCH CanClose;' before the current first declaration of CanClose.</DESCRIPTION><FUNCTION>DriverEntry</FUNCTION><FUNCLINE>95</FUNCLINE><PATH/></DEFECT>
<DEFECT _seq="17"><SFA><LINE>141</LINE><COLUMN>55</COLUMN><FILENAME>candrv.c</FILENAME><FILEPATH>c:\sergeybromirskiy\work\nim351\can\src\can\xp\</FILEPATH></SFA><DEFECTCODE>28155</DEFECTCODE><DESCRIPTION>The function being assigned or passed should be a DRIVER_DISPATCH function:  Add the declaration 'DRIVER_DISPATCH CanDispatchPnp;' before the current first declaration of CanDispatchPnp.</DESCRIPTION><FUNCTION>DriverEntry</FUNCTION><FUNCLINE>95</FUNCLINE><PATH/></DEFECT>
<DEFECT _seq="18"><SFA><LINE>142</LINE><COLUMN>55</COLUMN><FILENAME>candrv.c</FILENAME><FILEPATH>c:\sergeybromirskiy\work\nim351\can\src\can\xp\</FILEPATH></SFA><DEFECTCODE>28155</DEFECTCODE><DESCRIPTION>The function being assigned or passed should be a DRIVER_DISPATCH function:  Add the declaration 'DRIVER_DISPATCH CanPowerDispatch;' before the current first declaration of CanPowerDispatch.</DESCRIPTION><FUNCTION>DriverEntry</FUNCTION><FUNCLINE>95</FUNCLINE><PATH/></DEFECT>
<DEFECT _seq="19"><SFA><LINE>233</LINE><COLUMN>79</COLUMN><FILENAME>candrv.c</FILENAME><FILEPATH>c:\sergeybromirskiy\work\nim351\can\src\can\xp\</FILEPATH></SFA><DEFECTCODE>28155</DEFECTCODE><DESCRIPTION>The function being assigned or passed should be a KSYNCHRONIZE_ROUTINE function:  Add the declaration 'KSYNCHRONIZE_ROUTINE CanMarkOpen;' before the current first declaration of CanMarkOpen.</DESCRIPTION><FUNCTION>CanPowerDispatch</FUNCTION><FUNCLINE>206</FUNCLINE><PATH/></DEFECT>
<DEFECT _seq="20"><SFA><LINE>235</LINE><COLUMN>79</COLUMN><FILENAME>candrv.c</FILENAME><FILEPATH>c:\sergeybromirskiy\work\nim351\can\src\can\xp\</FILEPATH></SFA><DEFECTCODE>28155</DEFECTCODE><DESCRIPTION>The function being assigned or passed should be a KSYNCHRONIZE_ROUTINE function:  Add the declaration 'KSYNCHRONIZE_ROUTINE CanStartController;' before the current first declaration of CanStartController.</DESCRIPTION><FUNCTION>CanPowerDispatch</FUNCTION><FUNCLINE>206</FUNCLINE><PATH/></DEFECT>
<DEFECT _seq="21"><SFA><LINE>323</LINE><COLUMN>13</COLUMN><FILENAME>candrv.c</FILENAME><FILEPATH>c:\sergeybromirskiy\work\nim351\can\src\can\xp\</FILEPATH></SFA><DEFECTCODE>28172</DEFECTCODE><DESCRIPTION>The function 'MemCompare' has PAGED_CODE or PAGED_CODE_LOCKED but is not declared to be in a paged segment.</DESCRIPTION><FUNCTION>MemCompare</FUNCTION><FUNCLINE>323</FUNCLINE><PATH/></DEFECT>
<DEFECT _seq="22"><SFA><LINE>375</LINE><COLUMN>6</COLUMN><FILENAME>candrv.c</FILENAME><FILEPATH>c:\sergeybromirskiy\work\nim351\can\src\can\xp\</FILEPATH></SFA><DEFECTCODE>28172</DEFECTCODE><DESCRIPTION>The function 'GetMappedAddress' has PAGED_CODE or PAGED_CODE_LOCKED but is not declared to be in a paged segment.</DESCRIPTION><FUNCTION>GetMappedAddress</FUNCTION><FUNCLINE>375</FUNCLINE><PATH/></DEFECT>
<DEFECT _seq="23"><SFA><LINE>502</LINE><COLUMN>40</COLUMN><FILENAME>candrv.c</FILENAME><FILEPATH>c:\sergeybromirskiy\work\nim351\can\src\can\xp\</FILEPATH></SFA><DEFECTCODE>28159</DEFECTCODE><DESCRIPTION>Consider using 'ExAllocatePoolWithTag' instead of 'ExAllocatePool'. Reason: No tag interferes with debugging..</DESCRIPTION><FUNCTION>doCanInitController</FUNCTION><FUNCLINE>486</FUNCLINE><PATH/></DEFECT>
<DEFECT _seq="24"><SFA><LINE>517</LINE><COLUMN>46</COLUMN><FILENAME>candrv.c</FILENAME><FILEPATH>c:\sergeybromirskiy\work\nim351\can\src\can\xp\</FILEPATH></SFA><DEFECTCODE>28155</DEFECTCODE><DESCRIPTION>The function being assigned or passed should be a KDEFERRED_ROUTINE function:  Add the declaration 'KDEFERRED_ROUTINE CanCompleteWrite;' before the current first declaration of CanCompleteWrite.</DESCRIPTION><FUNCTION>doCanInitController</FUNCTION><FUNCLINE>486</FUNCLINE><PATH/></DEFECT>
<DEFECT _seq="25"><SFA><LINE>518</LINE><COLUMN>45</COLUMN><FILENAME>candrv.c</FILENAME><FILEPATH>c:\sergeybromirskiy\work\nim351\can\src\can\xp\</FILEPATH></SFA><DEFECTCODE>28155</DEFECTCODE><DESCRIPTION>The function being assigned or passed should be a KDEFERRED_ROUTINE function:  Add the declaration 'KDEFERRED_ROUTINE CanCompleteRead;' before the current first declaration of CanCompleteRead.</DESCRIPTION><FUNCTION>doCanInitController</FUNCTION><FUNCLINE>486</FUNCLINE><PATH/></DEFECT>
<DEFECT _seq="26"><SFA><LINE>519</LINE><COLUMN>49</COLUMN><FILENAME>candrv.c</FILENAME><FILEPATH>c:\sergeybromirskiy\work\nim351\can\src\can\xp\</FILEPATH></SFA><DEFECTCODE>28155</DEFECTCODE><DESCRIPTION>The function being assigned or passed should be a KDEFERRED_ROUTINE function:  Add the declaration 'KDEFERRED_ROUTINE CanReadTimeout;' before the current first declaration of CanReadTimeout.</DESCRIPTION><FUNCTION>doCanInitController</FUNCTION><FUNCLINE>486</FUNCLINE><PATH/></DEFECT>
<DEFECT _seq="27"><SFA><LINE>520</LINE><COLUMN>50</COLUMN><FILENAME>candrv.c</FILENAME><FILEPATH>c:\sergeybromirskiy\work\nim351\can\src\can\xp\</FILEPATH></SFA><DEFECTCODE>28155</DEFECTCODE><DESCRIPTION>The function being assigned or passed should be a KDEFERRED_ROUTINE function:  Add the declaration 'KDEFERRED_ROUTINE CanWriteTimeout;' before the current first declaration of CanWriteTimeout.</DESCRIPTION><FUNCTION>doCanInitController</FUNCTION><FUNCLINE>486</FUNCLINE><PATH/></DEFECT>
<DEFECT _seq="28"><SFA><LINE>521</LINE><COLUMN>43</COLUMN><FILENAME>candrv.c</FILENAME><FILEPATH>c:\sergeybromirskiy\work\nim351\can\src\can\xp\</FILEPATH></SFA><DEFECTCODE>28155</DEFECTCODE><DESCRIPTION>The function being assigned or passed should be a KDEFERRED_ROUTINE function:  Add the declaration 'KDEFERRED_ROUTINE CanRecover;' before the current first declaration of CanRecover.</DESCRIPTION><FUNCTION>doCanInitController</FUNCTION><FUNCLINE>486</FUNCLINE><PATH/></DEFECT>
<DEFECT _seq="29"><SFA><LINE>522</LINE><COLUMN>50</COLUMN><FILENAME>candrv.c</FILENAME><FILEPATH>c:\sergeybromirskiy\work\nim351\can\src\can\xp\</FILEPATH></SFA><DEFECTCODE>28155</DEFECTCODE><DESCRIPTION>The function being assigned or passed should be a KDEFERRED_ROUTINE function:  Add the declaration 'KDEFERRED_ROUTINE CanInvokeRestartController;' before the current first declaration of CanInvokeRestartController.</DESCRIPTION><FUNCTION>doCanInitController</FUNCTION><FUNCLINE>486</FUNCLINE><PATH/></DEFECT>
<DEFECT _seq="30"><SFA><LINE>523</LINE><COLUMN>40</COLUMN><FILENAME>candrv.c</FILENAME><FILEPATH>c:\sergeybromirskiy\work\nim351\can\src\can\xp\</FILEPATH></SFA><DEFECTCODE>28155</DEFECTCODE><DESCRIPTION>The function being assigned or passed should be a KDEFERRED_ROUTINE function:  Add the declaration 'KDEFERRED_ROUTINE CanCompleteWait;' before the current first declaration of CanCompleteWait.</DESCRIPTION><FUNCTION>doCanInitController</FUNCTION><FUNCLINE>486</FUNCLINE><PATH/></DEFECT>
<DEFECT _seq="31"><SFA><LINE>524</LINE><COLUMN>47</COLUMN><FILENAME>candrv.c</FILENAME><FILEPATH>c:\sergeybromirskiy\work\nim351\can\src\can\xp\</FILEPATH></SFA><DEFECTCODE>28155</DEFECTCODE><DESCRIPTION>The function being assigned or passed should be a KDEFERRED_ROUTINE function:  Add the declaration 'KDEFERRED_ROUTINE CanUnlockPages;' before the current first declaration of CanUnlockPages.</DESCRIPTION><FUNCTION>doCanInitController</FUNCTION><FUNCLINE>486</FUNCLINE><PATH/></DEFECT>
<DEFECT _seq="32"><SFA><LINE>579</LINE><COLUMN>27</COLUMN><FILENAME>candrv.c</FILENAME><FILEPATH>c:\sergeybromirskiy\work\nim351\can\src\can\xp\</FILEPATH></SFA><DEFECTCODE>28155</DEFECTCODE><DESCRIPTION>The function being assigned or passed should be a KSERVICE_ROUTINE function:  Add the declaration 'KSERVICE_ROUTINE CanISR;' before the current first declaration of CanISR.</DESCRIPTION><FUNCTION>doCanInitController</FUNCTION><FUNCLINE>486</FUNCLINE><PATH/></DEFECT>
<DEFECT _seq="33"><SFA><LINE>674</LINE><COLUMN>20</COLUMN><FILENAME>candrv.c</FILENAME><FILEPATH>c:\sergeybromirskiy\work\nim351\can\src\can\xp\</FILEPATH></SFA><DEFECTCODE>28155</DEFECTCODE><DESCRIPTION>The function being assigned or passed should be a KSERVICE_ROUTINE function:  Add the declaration 'KSERVICE_ROUTINE CanISR;' before the current first declaration of CanISR.</DESCRIPTION><FUNCTION>CanInitController</FUNCTION><FUNCLINE>658</FUNCLINE><PATH/></DEFECT>
<DEFECT _seq="34"><SFA><LINE>676</LINE><COLUMN>28</COLUMN><FILENAME>candrv.c</FILENAME><FILEPATH>c:\sergeybromirskiy\work\nim351\can\src\can\xp\</FILEPATH></SFA><DEFECTCODE>28155</DEFECTCODE><DESCRIPTION>The function being assigned or passed should be a KSERVICE_ROUTINE function:  Add the declaration 'KSERVICE_ROUTINE CanISR;' before the current first declaration of CanISR.</DESCRIPTION><FUNCTION>CanInitController</FUNCTION><FUNCLINE>658</FUNCLINE><PATH/></DEFECT>
<DEFECT _seq="35"><SFA><LINE>853</LINE><COLUMN>54</COLUMN><FILENAME>candrv.c</FILENAME><FILEPATH>c:\sergeybromirskiy\work\nim351\can\src\can\xp\</FILEPATH></SFA><DEFECTCODE>28155</DEFECTCODE><DESCRIPTION>The function being assigned or passed should be a KSYNCHRONIZE_ROUTINE function:  Add the declaration 'KSYNCHRONIZE_ROUTINE CanBecomeSharer;' before the current first declaration of CanBecomeSharer.</DESCRIPTION><FUNCTION>CanFindInitController</FUNCTION><FUNCLINE>741</FUNCLINE><PATH/></DEFECT>
<DEFECT _seq="36"><SFA><LINE>938</LINE><COLUMN>47</COLUMN><FILENAME>candrv.c</FILENAME><FILEPATH>c:\sergeybromirskiy\work\nim351\can\src\can\xp\</FILEPATH></SFA><DEFECTCODE>28155</DEFECTCODE><DESCRIPTION>The function being assigned or passed should be a KSYNCHRONIZE_ROUTINE function:  Add the declaration 'KSYNCHRONIZE_ROUTINE CanCleanLists;' before the current first declaration of CanCleanLists.</DESCRIPTION><FUNCTION>CanReleaseResources</FUNCTION><FUNCLINE>928</FUNCLINE><PATH/></DEFECT>
<DEFECT _seq="37"><SFA><LINE>1027</LINE><COLUMN>5</COLUMN><FILENAME>candrv.c</FILENAME><FILEPATH>c:\sergeybromirskiy\work\nim351\can\src\can\xp\</FILEPATH></SFA><DEFECTCODE>28172</DEFECTCODE><DESCRIPTION>The function 'CanDisableInterfacesResources' has PAGED_CODE or PAGED_CODE_LOCKED but is not declared to be in a paged segment.</DESCRIPTION><FUNCTION>CanDisableInterfacesResources</FUNCTION><FUNCLINE>1027</FUNCLINE><PATH/></DEFECT>
</DEFECTS>
