<?xml version="1.0" encoding="UTF-8"?>
<DEFECTS>
<OACRDEFECTCOUNT>39</OACRDEFECTCOUNT>
<OACRERRORCOUNT>0</OACRERRORCOUNT>
<DEFECT _seq="1"><SFA><LINE>95</LINE><COLUMN>22</COLUMN><FILENAME>canioctl.c</FILENAME><FILEPATH>c:\sergeybromirskiy\work\nim351\can\src\can\xp\</FILEPATH></SFA><DEFECTCODE>6290</DEFECTCODE><DESCRIPTION>Bitwise operation on logical result: ! has higher precedence than &amp;. Use &amp;&amp; or (!(x &amp; y)) instead</DESCRIPTION><FUNCTION>CanIoControl</FUNCTION><FUNCLINE>69</FUNCLINE><PATH/></DEFECT>
<DEFECT _seq="2"><SFA><LINE>69</LINE><COLUMN>9</COLUMN><FILENAME>canioctl.c</FILENAME><FILEPATH>c:\sergeybromirskiy\work\nim351\can\src\can\xp\</FILEPATH></SFA><DEFECTCODE>28170</DEFECTCODE><DESCRIPTION>The function 'CanIoControl' has been declared to be in a paged segment, but neither PAGED_CODE nor PAGED_CODE_LOCKED was found.</DESCRIPTION><FUNCTION>CanIoControl</FUNCTION><FUNCLINE>69</FUNCLINE><PATH/></DEFECT>
<DEFECT _seq="3"><SFA><LINE>165</LINE><COLUMN>49</COLUMN><FILENAME>canioctl.c</FILENAME><FILEPATH>c:\sergeybromirskiy\work\nim351\can\src\can\xp\</FILEPATH></SFA><DEFECTCODE>28155</DEFECTCODE><DESCRIPTION>The function being assigned or passed should be a KSYNCHRONIZE_ROUTINE function:  Add the declaration 'KSYNCHRONIZE_ROUTINE CanSetDevSettings;' before the current first declaration of CanSetDevSettings.</DESCRIPTION><FUNCTION>CanIoControl</FUNCTION><FUNCLINE>69</FUNCLINE><PATH/></DEFECT>
<DEFECT _seq="4"><SFA><LINE>245</LINE><COLUMN>49</COLUMN><FILENAME>canioctl.c</FILENAME><FILEPATH>c:\sergeybromirskiy\work\nim351\can\src\can\xp\</FILEPATH></SFA><DEFECTCODE>28155</DEFECTCODE><DESCRIPTION>The function being assigned or passed should be a KSYNCHRONIZE_ROUTINE function:  Add the declaration 'KSYNCHRONIZE_ROUTINE CanResetController;' before the current first declaration of CanResetController.</DESCRIPTION><FUNCTION>CanIoControl</FUNCTION><FUNCLINE>69</FUNCLINE><PATH/></DEFECT>
<DEFECT _seq="5"><SFA><LINE>252</LINE><COLUMN>49</COLUMN><FILENAME>canioctl.c</FILENAME><FILEPATH>c:\sergeybromirskiy\work\nim351\can\src\can\xp\</FILEPATH></SFA><DEFECTCODE>28155</DEFECTCODE><DESCRIPTION>The function being assigned or passed should be a KSYNCHRONIZE_ROUTINE function:  Add the declaration 'KSYNCHRONIZE_ROUTINE CanStartController;' before the current first declaration of CanStartController.</DESCRIPTION><FUNCTION>CanIoControl</FUNCTION><FUNCLINE>69</FUNCLINE><PATH/></DEFECT>
<DEFECT _seq="6"><SFA><LINE>260</LINE><COLUMN>49</COLUMN><FILENAME>canioctl.c</FILENAME><FILEPATH>c:\sergeybromirskiy\work\nim351\can\src\can\xp\</FILEPATH></SFA><DEFECTCODE>28155</DEFECTCODE><DESCRIPTION>The function being assigned or passed should be a KSYNCHRONIZE_ROUTINE function:  Add the declaration 'KSYNCHRONIZE_ROUTINE CanStopController;' before the current first declaration of CanStopController.</DESCRIPTION><FUNCTION>CanIoControl</FUNCTION><FUNCLINE>69</FUNCLINE><PATH/></DEFECT>
<DEFECT _seq="7"><SFA><LINE>274</LINE><COLUMN>49</COLUMN><FILENAME>canioctl.c</FILENAME><FILEPATH>c:\sergeybromirskiy\work\nim351\can\src\can\xp\</FILEPATH></SFA><DEFECTCODE>28155</DEFECTCODE><DESCRIPTION>The function being assigned or passed should be a KSYNCHRONIZE_ROUTINE function:  Add the declaration 'KSYNCHRONIZE_ROUTINE CanGetStats;' before the current first declaration of CanGetStats.</DESCRIPTION><FUNCTION>CanIoControl</FUNCTION><FUNCLINE>69</FUNCLINE><PATH/></DEFECT>
<DEFECT _seq="8"><SFA><LINE>280</LINE><COLUMN>49</COLUMN><FILENAME>canioctl.c</FILENAME><FILEPATH>c:\sergeybromirskiy\work\nim351\can\src\can\xp\</FILEPATH></SFA><DEFECTCODE>28155</DEFECTCODE><DESCRIPTION>The function being assigned or passed should be a KSYNCHRONIZE_ROUTINE function:  Add the declaration 'KSYNCHRONIZE_ROUTINE CanClearStats;' before the current first declaration of CanClearStats.</DESCRIPTION><FUNCTION>CanIoControl</FUNCTION><FUNCLINE>69</FUNCLINE><PATH/></DEFECT>
<DEFECT _seq="9"><SFA><LINE>295</LINE><COLUMN>49</COLUMN><FILENAME>canioctl.c</FILENAME><FILEPATH>c:\sergeybromirskiy\work\nim351\can\src\can\xp\</FILEPATH></SFA><DEFECTCODE>28155</DEFECTCODE><DESCRIPTION>The function being assigned or passed should be a KSYNCHRONIZE_ROUTINE function:  Add the declaration 'KSYNCHRONIZE_ROUTINE CanPeekMessage;' before the current first declaration of CanPeekMessage.</DESCRIPTION><FUNCTION>CanIoControl</FUNCTION><FUNCLINE>69</FUNCLINE><PATH/></DEFECT>
<DEFECT _seq="10"><SFA><LINE>356</LINE><COLUMN>49</COLUMN><FILENAME>canioctl.c</FILENAME><FILEPATH>c:\sergeybromirskiy\work\nim351\can\src\can\xp\</FILEPATH></SFA><DEFECTCODE>28155</DEFECTCODE><DESCRIPTION>The function being assigned or passed should be a KSYNCHRONIZE_ROUTINE function:  Add the declaration 'KSYNCHRONIZE_ROUTINE CanGetClearErrors;' before the current first declaration of CanGetClearErrors.</DESCRIPTION><FUNCTION>CanIoControl</FUNCTION><FUNCLINE>69</FUNCLINE><PATH/></DEFECT>
<DEFECT _seq="11"><SFA><LINE>381</LINE><COLUMN>8</COLUMN><FILENAME>canioctl.c</FILENAME><FILEPATH>c:\sergeybromirskiy\work\nim351\can\src\can\xp\</FILEPATH></SFA><DEFECTCODE>28170</DEFECTCODE><DESCRIPTION>The function 'CanSetDevSettings' has been declared to be in a paged segment, but neither PAGED_CODE nor PAGED_CODE_LOCKED was found.</DESCRIPTION><FUNCTION>CanSetDevSettings</FUNCTION><FUNCLINE>381</FUNCLINE><PATH/></DEFECT>
<DEFECT _seq="12"><SFA><LINE>418</LINE><COLUMN>8</COLUMN><FILENAME>canioctl.c</FILENAME><FILEPATH>c:\sergeybromirskiy\work\nim351\can\src\can\xp\</FILEPATH></SFA><DEFECTCODE>28170</DEFECTCODE><DESCRIPTION>The function 'CanGetStats' has been declared to be in a paged segment, but neither PAGED_CODE nor PAGED_CODE_LOCKED was found.</DESCRIPTION><FUNCTION>CanGetStats</FUNCTION><FUNCLINE>418</FUNCLINE><PATH/></DEFECT>
<DEFECT _seq="13"><SFA><LINE>445</LINE><COLUMN>8</COLUMN><FILENAME>canioctl.c</FILENAME><FILEPATH>c:\sergeybromirskiy\work\nim351\can\src\can\xp\</FILEPATH></SFA><DEFECTCODE>28170</DEFECTCODE><DESCRIPTION>The function 'CanClearStats' has been declared to be in a paged segment, but neither PAGED_CODE nor PAGED_CODE_LOCKED was found.</DESCRIPTION><FUNCTION>CanClearStats</FUNCTION><FUNCLINE>445</FUNCLINE><PATH/></DEFECT>
<DEFECT _seq="14"><SFA><LINE>473</LINE><COLUMN>8</COLUMN><FILENAME>canioctl.c</FILENAME><FILEPATH>c:\sergeybromirskiy\work\nim351\can\src\can\xp\</FILEPATH></SFA><DEFECTCODE>28170</DEFECTCODE><DESCRIPTION>The function 'CanResetController' has been declared to be in a paged segment, but neither PAGED_CODE nor PAGED_CODE_LOCKED was found.</DESCRIPTION><FUNCTION>CanResetController</FUNCTION><FUNCLINE>473</FUNCLINE><PATH/></DEFECT>
<DEFECT _seq="15"><SFA><LINE>501</LINE><COLUMN>8</COLUMN><FILENAME>canioctl.c</FILENAME><FILEPATH>c:\sergeybromirskiy\work\nim351\can\src\can\xp\</FILEPATH></SFA><DEFECTCODE>28170</DEFECTCODE><DESCRIPTION>The function 'CanStartController' has been declared to be in a paged segment, but neither PAGED_CODE nor PAGED_CODE_LOCKED was found.</DESCRIPTION><FUNCTION>CanStartController</FUNCTION><FUNCLINE>501</FUNCLINE><PATH/></DEFECT>
<DEFECT _seq="16"><SFA><LINE>526</LINE><COLUMN>8</COLUMN><FILENAME>canioctl.c</FILENAME><FILEPATH>c:\sergeybromirskiy\work\nim351\can\src\can\xp\</FILEPATH></SFA><DEFECTCODE>28170</DEFECTCODE><DESCRIPTION>The function 'CanStopController' has been declared to be in a paged segment, but neither PAGED_CODE nor PAGED_CODE_LOCKED was found.</DESCRIPTION><FUNCTION>CanStopController</FUNCTION><FUNCLINE>526</FUNCLINE><PATH/></DEFECT>
<DEFECT _seq="17"><SFA><LINE>560</LINE><COLUMN>9</COLUMN><FILENAME>canioctl.c</FILENAME><FILEPATH>c:\sergeybromirskiy\work\nim351\can\src\can\xp\</FILEPATH></SFA><DEFECTCODE>28170</DEFECTCODE><DESCRIPTION>The function 'CanStartPurge' has been declared to be in a paged segment, but neither PAGED_CODE nor PAGED_CODE_LOCKED was found.</DESCRIPTION><FUNCTION>CanStartPurge</FUNCTION><FUNCLINE>560</FUNCLINE><PATH/></DEFECT>
<DEFECT _seq="18"><SFA><LINE>587</LINE><COLUMN>49</COLUMN><FILENAME>canioctl.c</FILENAME><FILEPATH>c:\sergeybromirskiy\work\nim351\can\src\can\xp\</FILEPATH></SFA><DEFECTCODE>28155</DEFECTCODE><DESCRIPTION>The function being assigned or passed should be a KSYNCHRONIZE_ROUTINE function:  Add the declaration 'KSYNCHRONIZE_ROUTINE CanPurgeInterruptBuff;' before the current first declaration of CanPurgeInterruptBuff.</DESCRIPTION><FUNCTION>CanStartPurge</FUNCTION><FUNCLINE>560</FUNCLINE><PATH/></DEFECT>
<DEFECT _seq="19"><SFA><LINE>592</LINE><COLUMN>49</COLUMN><FILENAME>canioctl.c</FILENAME><FILEPATH>c:\sergeybromirskiy\work\nim351\can\src\can\xp\</FILEPATH></SFA><DEFECTCODE>28155</DEFECTCODE><DESCRIPTION>The function being assigned or passed should be a KSYNCHRONIZE_ROUTINE function:  Add the declaration 'KSYNCHRONIZE_ROUTINE CanResetController;' before the current first declaration of CanResetController.</DESCRIPTION><FUNCTION>CanStartPurge</FUNCTION><FUNCLINE>560</FUNCLINE><PATH/></DEFECT>
<DEFECT _seq="20"><SFA><LINE>617</LINE><COLUMN>8</COLUMN><FILENAME>canioctl.c</FILENAME><FILEPATH>c:\sergeybromirskiy\work\nim351\can\src\can\xp\</FILEPATH></SFA><DEFECTCODE>28170</DEFECTCODE><DESCRIPTION>The function 'CanPurgeInterruptBuff' has been declared to be in a paged segment, but neither PAGED_CODE nor PAGED_CODE_LOCKED was found.</DESCRIPTION><FUNCTION>CanPurgeInterruptBuff</FUNCTION><FUNCLINE>617</FUNCLINE><PATH/></DEFECT>
<DEFECT _seq="21"><SFA><LINE>649</LINE><COLUMN>8</COLUMN><FILENAME>canioctl.c</FILENAME><FILEPATH>c:\sergeybromirskiy\work\nim351\can\src\can\xp\</FILEPATH></SFA><DEFECTCODE>28170</DEFECTCODE><DESCRIPTION>The function 'CanPeekMessage' has been declared to be in a paged segment, but neither PAGED_CODE nor PAGED_CODE_LOCKED was found.</DESCRIPTION><FUNCTION>CanPeekMessage</FUNCTION><FUNCLINE>649</FUNCLINE><PATH/></DEFECT>
<DEFECT _seq="22"><SFA><LINE>689</LINE><COLUMN>8</COLUMN><FILENAME>canioctl.c</FILENAME><FILEPATH>c:\sergeybromirskiy\work\nim351\can\src\can\xp\</FILEPATH></SFA><DEFECTCODE>28170</DEFECTCODE><DESCRIPTION>The function 'CanGetStatus' has been declared to be in a paged segment, but neither PAGED_CODE nor PAGED_CODE_LOCKED was found.</DESCRIPTION><FUNCTION>CanGetStatus</FUNCTION><FUNCLINE>689</FUNCLINE><PATH/></DEFECT>
<DEFECT _seq="23"><SFA><LINE>703</LINE><COLUMN>8</COLUMN><FILENAME>canioctl.c</FILENAME><FILEPATH>c:\sergeybromirskiy\work\nim351\can\src\can\xp\</FILEPATH></SFA><DEFECTCODE>28170</DEFECTCODE><DESCRIPTION>The function 'CanRequestWait' has been declared to be in a paged segment, but neither PAGED_CODE nor PAGED_CODE_LOCKED was found.</DESCRIPTION><FUNCTION>CanRequestWait</FUNCTION><FUNCLINE>703</FUNCLINE><PATH/></DEFECT>
<DEFECT _seq="24"><SFA><LINE>715</LINE><COLUMN>5</COLUMN><FILENAME>canioctl.c</FILENAME><FILEPATH>c:\sergeybromirskiy\work\nim351\can\src\can\xp\</FILEPATH></SFA><DEFECTCODE>28170</DEFECTCODE><DESCRIPTION>The function 'CanTryCompletePendingWaits' has been declared to be in a paged segment, but neither PAGED_CODE nor PAGED_CODE_LOCKED was found.</DESCRIPTION><FUNCTION>CanTryCompletePendingWaits</FUNCTION><FUNCLINE>715</FUNCLINE><PATH/></DEFECT>
<DEFECT _seq="25"><SFA><LINE>748</LINE><COLUMN>49</COLUMN><FILENAME>canioctl.c</FILENAME><FILEPATH>c:\sergeybromirskiy\work\nim351\can\src\can\xp\</FILEPATH></SFA><DEFECTCODE>28155</DEFECTCODE><DESCRIPTION>The function being assigned or passed should be a KSYNCHRONIZE_ROUTINE function:  Add the declaration 'KSYNCHRONIZE_ROUTINE CanGetStatus;' before the current first declaration of CanGetStatus.</DESCRIPTION><FUNCTION>CanTryCompletePendingWaits</FUNCTION><FUNCLINE>715</FUNCLINE><PATH/></DEFECT>
<DEFECT _seq="26"><SFA><LINE>828</LINE><COLUMN>9</COLUMN><FILENAME>canioctl.c</FILENAME><FILEPATH>c:\sergeybromirskiy\work\nim351\can\src\can\xp\</FILEPATH></SFA><DEFECTCODE>28170</DEFECTCODE><DESCRIPTION>The function 'CanStartWaitOrQueue' has been declared to be in a paged segment, but neither PAGED_CODE nor PAGED_CODE_LOCKED was found.</DESCRIPTION><FUNCTION>CanStartWaitOrQueue</FUNCTION><FUNCLINE>828</FUNCLINE><PATH/></DEFECT>
<DEFECT _seq="27"><SFA><LINE>844</LINE><COLUMN>45</COLUMN><FILENAME>canioctl.c</FILENAME><FILEPATH>c:\sergeybromirskiy\work\nim351\can\src\can\xp\</FILEPATH></SFA><DEFECTCODE>28155</DEFECTCODE><DESCRIPTION>The function being assigned or passed should be a KSYNCHRONIZE_ROUTINE function:  Add the declaration 'KSYNCHRONIZE_ROUTINE CanGetStatus;' before the current first declaration of CanGetStatus.</DESCRIPTION><FUNCTION>CanStartWaitOrQueue</FUNCTION><FUNCLINE>828</FUNCLINE><PATH/></DEFECT>
<DEFECT _seq="28"><SFA><LINE>896</LINE><COLUMN>4</COLUMN><FILENAME>canioctl.c</FILENAME><FILEPATH>c:\sergeybromirskiy\work\nim351\can\src\can\xp\</FILEPATH></SFA><DEFECTCODE>28155</DEFECTCODE><DESCRIPTION>The function being assigned or passed should be a DRIVER_CANCEL function:  Add the declaration 'DRIVER_CANCEL CanCancelQueued;' before the current first declaration of CanCancelQueued.</DESCRIPTION><FUNCTION>CanStartWaitOrQueue</FUNCTION><FUNCLINE>828</FUNCLINE><PATH/></DEFECT>
<DEFECT _seq="29"><SFA><LINE>900</LINE><COLUMN>47</COLUMN><FILENAME>canioctl.c</FILENAME><FILEPATH>c:\sergeybromirskiy\work\nim351\can\src\can\xp\</FILEPATH></SFA><DEFECTCODE>28155</DEFECTCODE><DESCRIPTION>The function being assigned or passed should be a KSYNCHRONIZE_ROUTINE function:  Add the declaration 'KSYNCHRONIZE_ROUTINE CanRequestWait;' before the current first declaration of CanRequestWait.</DESCRIPTION><FUNCTION>CanStartWaitOrQueue</FUNCTION><FUNCLINE>828</FUNCLINE><PATH/></DEFECT>
<DEFECT _seq="30"><SFA><LINE>921</LINE><COLUMN>8</COLUMN><FILENAME>canioctl.c</FILENAME><FILEPATH>c:\sergeybromirskiy\work\nim351\can\src\can\xp\</FILEPATH></SFA><DEFECTCODE>28170</DEFECTCODE><DESCRIPTION>The function 'CanGetClearErrors' has been declared to be in a paged segment, but neither PAGED_CODE nor PAGED_CODE_LOCKED was found.</DESCRIPTION><FUNCTION>CanGetClearErrors</FUNCTION><FUNCLINE>921</FUNCLINE><PATH/></DEFECT>
<DEFECT _seq="31"><SFA><LINE>936</LINE><COLUMN>9</COLUMN><FILENAME>canioctl.c</FILENAME><FILEPATH>c:\sergeybromirskiy\work\nim351\can\src\can\xp\</FILEPATH></SFA><DEFECTCODE>28170</DEFECTCODE><DESCRIPTION>The function 'CanPostMessage' has been declared to be in a paged segment, but neither PAGED_CODE nor PAGED_CODE_LOCKED was found.</DESCRIPTION><FUNCTION>CanPostMessage</FUNCTION><FUNCLINE>936</FUNCLINE><PATH/></DEFECT>
<DEFECT _seq="32"><SFA><LINE>965</LINE><COLUMN>45</COLUMN><FILENAME>canioctl.c</FILENAME><FILEPATH>c:\sergeybromirskiy\work\nim351\can\src\can\xp\</FILEPATH></SFA><DEFECTCODE>28155</DEFECTCODE><DESCRIPTION>The function being assigned or passed should be a KSYNCHRONIZE_ROUTINE function:  Add the declaration 'KSYNCHRONIZE_ROUTINE CanPostTransmission;' before the current first declaration of CanPostTransmission.</DESCRIPTION><FUNCTION>CanPostMessage</FUNCTION><FUNCLINE>936</FUNCLINE><PATH/></DEFECT>
<DEFECT _seq="33"><SFA><LINE>974</LINE><COLUMN>8</COLUMN><FILENAME>canioctl.c</FILENAME><FILEPATH>c:\sergeybromirskiy\work\nim351\can\src\can\xp\</FILEPATH></SFA><DEFECTCODE>28170</DEFECTCODE><DESCRIPTION>The function 'CanPostTransmission' has been declared to be in a paged segment, but neither PAGED_CODE nor PAGED_CODE_LOCKED was found.</DESCRIPTION><FUNCTION>CanPostTransmission</FUNCTION><FUNCLINE>974</FUNCLINE><PATH/></DEFECT>
<DEFECT _seq="34"><SFA><LINE>1015</LINE><COLUMN>5</COLUMN><FILENAME>canioctl.c</FILENAME><FILEPATH>c:\sergeybromirskiy\work\nim351\can\src\can\xp\</FILEPATH></SFA><DEFECTCODE>28170</DEFECTCODE><DESCRIPTION>The function 'CanKillCurrentWrite' has been declared to be in a paged segment, but neither PAGED_CODE nor PAGED_CODE_LOCKED was found.</DESCRIPTION><FUNCTION>CanKillCurrentWrite</FUNCTION><FUNCLINE>1015</FUNCLINE><PATH/></DEFECT>
<DEFECT _seq="35"><SFA><LINE>1015</LINE><COLUMN>5</COLUMN><FILENAME>canioctl.c</FILENAME><FILEPATH>c:\sergeybromirskiy\work\nim351\can\src\can\xp\</FILEPATH></SFA><DEFECTCODE>28167</DEFECTCODE><DESCRIPTION>The function 'CanKillCurrentWrite' changes the IRQL and does not restore the IRQL before it exits. It should be annotated to reflect the change or the IRQL should be restored. IRQL was last set to 2 at line 1023.</DESCRIPTION><FUNCTION>CanKillCurrentWrite</FUNCTION><FUNCLINE>1015</FUNCLINE><PATH><SFA><LINE>1017</LINE><COLUMN>8</COLUMN><FILENAME>canioctl.c</FILENAME><FILEPATH>c:\sergeybromirskiy\work\nim351\can\src\can\xp\</FILEPATH></SFA><SFA><LINE>1019</LINE><COLUMN>2</COLUMN><FILENAME>canioctl.c</FILENAME><FILEPATH>c:\sergeybromirskiy\work\nim351\can\src\can\xp\</FILEPATH></SFA><SFA><LINE>1023</LINE><COLUMN>25</COLUMN><FILENAME>canioctl.c</FILENAME><FILEPATH>c:\sergeybromirskiy\work\nim351\can\src\can\xp\</FILEPATH></SFA><SFA><LINE>1026</LINE><COLUMN>12</COLUMN><FILENAME>canioctl.c</FILENAME><FILEPATH>c:\sergeybromirskiy\work\nim351\can\src\can\xp\</FILEPATH></SFA><SFA><LINE>1054</LINE><COLUMN>26</COLUMN><FILENAME>canioctl.c</FILENAME><FILEPATH>c:\sergeybromirskiy\work\nim351\can\src\can\xp\</FILEPATH></SFA><SFA><LINE>1056</LINE><COLUMN>23</COLUMN><FILENAME>canioctl.c</FILENAME><FILEPATH>c:\sergeybromirskiy\work\nim351\can\src\can\xp\</FILEPATH></SFA></PATH></DEFECT>
<DEFECT _seq="36"><SFA><LINE>1023</LINE><COLUMN>25</COLUMN><FILENAME>canioctl.c</FILENAME><FILEPATH>c:\sergeybromirskiy\work\nim351\can\src\can\xp\</FILEPATH></SFA><DEFECTCODE>28103</DEFECTCODE><DESCRIPTION>Leaking the CancelSpinLock stored in '#CancelSpinLock'.</DESCRIPTION><FUNCTION>CanKillCurrentWrite</FUNCTION><FUNCLINE>1015</FUNCLINE><PATH><SFA><LINE>1017</LINE><COLUMN>8</COLUMN><FILENAME>canioctl.c</FILENAME><FILEPATH>c:\sergeybromirskiy\work\nim351\can\src\can\xp\</FILEPATH></SFA><SFA><LINE>1019</LINE><COLUMN>2</COLUMN><FILENAME>canioctl.c</FILENAME><FILEPATH>c:\sergeybromirskiy\work\nim351\can\src\can\xp\</FILEPATH></SFA><SFA><LINE>1023</LINE><COLUMN>25</COLUMN><FILENAME>canioctl.c</FILENAME><FILEPATH>c:\sergeybromirskiy\work\nim351\can\src\can\xp\</FILEPATH></SFA><SFA><LINE>1026</LINE><COLUMN>12</COLUMN><FILENAME>canioctl.c</FILENAME><FILEPATH>c:\sergeybromirskiy\work\nim351\can\src\can\xp\</FILEPATH></SFA><SFA><LINE>1054</LINE><COLUMN>26</COLUMN><FILENAME>canioctl.c</FILENAME><FILEPATH>c:\sergeybromirskiy\work\nim351\can\src\can\xp\</FILEPATH></SFA><SFA><LINE>1056</LINE><COLUMN>23</COLUMN><FILENAME>canioctl.c</FILENAME><FILEPATH>c:\sergeybromirskiy\work\nim351\can\src\can\xp\</FILEPATH></SFA></PATH></DEFECT>
<DEFECT _seq="37"><SFA><LINE>1023</LINE><COLUMN>25</COLUMN><FILENAME>canioctl.c</FILENAME><FILEPATH>c:\sergeybromirskiy\work\nim351\can\src\can\xp\</FILEPATH></SFA><DEFECTCODE>28103</DEFECTCODE><DESCRIPTION>Leaking the CancelSpinLock stored in '#CancelSpinLock'.</DESCRIPTION><FUNCTION>CanKillCurrentWrite</FUNCTION><FUNCLINE>1015</FUNCLINE><PATH><SFA><LINE>1017</LINE><COLUMN>8</COLUMN><FILENAME>canioctl.c</FILENAME><FILEPATH>c:\sergeybromirskiy\work\nim351\can\src\can\xp\</FILEPATH></SFA><SFA><LINE>1019</LINE><COLUMN>2</COLUMN><FILENAME>canioctl.c</FILENAME><FILEPATH>c:\sergeybromirskiy\work\nim351\can\src\can\xp\</FILEPATH></SFA><SFA><LINE>1023</LINE><COLUMN>25</COLUMN><FILENAME>canioctl.c</FILENAME><FILEPATH>c:\sergeybromirskiy\work\nim351\can\src\can\xp\</FILEPATH></SFA><SFA><LINE>1026</LINE><COLUMN>12</COLUMN><FILENAME>canioctl.c</FILENAME><FILEPATH>c:\sergeybromirskiy\work\nim351\can\src\can\xp\</FILEPATH></SFA><SFA><LINE>1054</LINE><COLUMN>26</COLUMN><FILENAME>canioctl.c</FILENAME><FILEPATH>c:\sergeybromirskiy\work\nim351\can\src\can\xp\</FILEPATH></SFA><SFA><LINE>1056</LINE><COLUMN>23</COLUMN><FILENAME>canioctl.c</FILENAME><FILEPATH>c:\sergeybromirskiy\work\nim351\can\src\can\xp\</FILEPATH></SFA></PATH></DEFECT>
<DEFECT _seq="38"><SFA><LINE>1054</LINE><COLUMN>47</COLUMN><FILENAME>canioctl.c</FILENAME><FILEPATH>c:\sergeybromirskiy\work\nim351\can\src\can\xp\</FILEPATH></SFA><DEFECTCODE>28155</DEFECTCODE><DESCRIPTION>The function being assigned or passed should be a KSYNCHRONIZE_ROUTINE function:  Add the declaration 'KSYNCHRONIZE_ROUTINE CanAbortTransmission;' before the current first declaration of CanAbortTransmission.</DESCRIPTION><FUNCTION>CanKillCurrentWrite</FUNCTION><FUNCLINE>1015</FUNCLINE><PATH/></DEFECT>
<DEFECT _seq="39"><SFA><LINE>1077</LINE><COLUMN>8</COLUMN><FILENAME>canioctl.c</FILENAME><FILEPATH>c:\sergeybromirskiy\work\nim351\can\src\can\xp\</FILEPATH></SFA><DEFECTCODE>28170</DEFECTCODE><DESCRIPTION>The function 'CanAbortTransmission' has been declared to be in a paged segment, but neither PAGED_CODE nor PAGED_CODE_LOCKED was found.</DESCRIPTION><FUNCTION>CanAbortTransmission</FUNCTION><FUNCLINE>1077</FUNCLINE><PATH/></DEFECT>
</DEFECTS>
