<?xml version="1.0" encoding="UTF-8"?>
<DEFECTS>
<OACRDEFECTCOUNT>6</OACRDEFECTCOUNT>
<OACRERRORCOUNT>0</OACRERRORCOUNT>
<DEFECT _seq="1"><SFA><LINE>158</LINE><COLUMN>51</COLUMN><FILENAME>canopcls.c</FILENAME><FILEPATH>c:\sergeybromirskiy\work\nim351\can\src\can\xp\</FILEPATH></SFA><DEFECTCODE>28159</DEFECTCODE><DESCRIPTION>Consider using 'ExAllocatePoolWithTag' instead of 'ExAllocatePool'. Reason: No tag interferes with debugging..</DESCRIPTION><FUNCTION>CanCreateOpen</FUNCTION><FUNCLINE>94</FUNCLINE><PATH/></DEFECT>
<DEFECT _seq="2"><SFA><LINE>164</LINE><COLUMN>51</COLUMN><FILENAME>canopcls.c</FILENAME><FILEPATH>c:\sergeybromirskiy\work\nim351\can\src\can\xp\</FILEPATH></SFA><DEFECTCODE>28159</DEFECTCODE><DESCRIPTION>Consider using 'ExAllocatePoolWithTag' instead of 'ExAllocatePool'. Reason: No tag interferes with debugging..</DESCRIPTION><FUNCTION>CanCreateOpen</FUNCTION><FUNCLINE>94</FUNCLINE><PATH/></DEFECT>
<DEFECT _seq="3"><SFA><LINE>170</LINE><COLUMN>51</COLUMN><FILENAME>canopcls.c</FILENAME><FILEPATH>c:\sergeybromirskiy\work\nim351\can\src\can\xp\</FILEPATH></SFA><DEFECTCODE>28159</DEFECTCODE><DESCRIPTION>Consider using 'ExAllocatePoolWithTag' instead of 'ExAllocatePool'. Reason: No tag interferes with debugging..</DESCRIPTION><FUNCTION>CanCreateOpen</FUNCTION><FUNCLINE>94</FUNCLINE><PATH/></DEFECT>
<DEFECT _seq="4"><SFA><LINE>217</LINE><COLUMN>47</COLUMN><FILENAME>canopcls.c</FILENAME><FILEPATH>c:\sergeybromirskiy\work\nim351\can\src\can\xp\</FILEPATH></SFA><DEFECTCODE>28155</DEFECTCODE><DESCRIPTION>The function being assigned or passed should be a KSYNCHRONIZE_ROUTINE function:  Add the declaration 'KSYNCHRONIZE_ROUTINE CanMarkOpen;' before the current first declaration of CanMarkOpen.</DESCRIPTION><FUNCTION>CanCreateOpen</FUNCTION><FUNCLINE>94</FUNCLINE><PATH/></DEFECT>
<DEFECT _seq="5"><SFA><LINE>220</LINE><COLUMN>47</COLUMN><FILENAME>canopcls.c</FILENAME><FILEPATH>c:\sergeybromirskiy\work\nim351\can\src\can\xp\</FILEPATH></SFA><DEFECTCODE>28155</DEFECTCODE><DESCRIPTION>The function being assigned or passed should be a KSYNCHRONIZE_ROUTINE function:  Add the declaration 'KSYNCHRONIZE_ROUTINE CanClearStats;' before the current first declaration of CanClearStats.</DESCRIPTION><FUNCTION>CanCreateOpen</FUNCTION><FUNCLINE>94</FUNCLINE><PATH/></DEFECT>
<DEFECT _seq="6"><SFA><LINE>302</LINE><COLUMN>46</COLUMN><FILENAME>canopcls.c</FILENAME><FILEPATH>c:\sergeybromirskiy\work\nim351\can\src\can\xp\</FILEPATH></SFA><DEFECTCODE>28155</DEFECTCODE><DESCRIPTION>The function being assigned or passed should be a KSYNCHRONIZE_ROUTINE function:  Add the declaration 'KSYNCHRONIZE_ROUTINE CanMarkClose;' before the current first declaration of CanMarkClose.</DESCRIPTION><FUNCTION>CanClose</FUNCTION><FUNCLINE>251</FUNCLINE><PATH/></DEFECT>
</DEFECTS>
