<?xml version="1.0" encoding="UTF-8"?>
<DEFECTS>
<OACRDEFECTCOUNT>15</OACRDEFECTCOUNT>
<OACRERRORCOUNT>0</OACRERRORCOUNT>
<DEFECT _seq="1"><SFA><LINE>62</LINE><COLUMN>22</COLUMN><FILENAME>canread.c</FILENAME><FILEPATH>c:\sergeybromirskiy\work\nim351\can\src\can\xp\</FILEPATH></SFA><DEFECTCODE>6290</DEFECTCODE><DESCRIPTION>Bitwise operation on logical result: ! has higher precedence than &amp;. Use &amp;&amp; or (!(x &amp; y)) instead</DESCRIPTION><FUNCTION>CanRead</FUNCTION><FUNCLINE>43</FUNCLINE><PATH/></DEFECT>
<DEFECT _seq="2"><SFA><LINE>43</LINE><COLUMN>9</COLUMN><FILENAME>canread.c</FILENAME><FILEPATH>c:\sergeybromirskiy\work\nim351\can\src\can\xp\</FILEPATH></SFA><DEFECTCODE>28170</DEFECTCODE><DESCRIPTION>The function 'CanRead' has been declared to be in a paged segment, but neither PAGED_CODE nor PAGED_CODE_LOCKED was found.</DESCRIPTION><FUNCTION>CanRead</FUNCTION><FUNCLINE>43</FUNCLINE><PATH/></DEFECT>
<DEFECT _seq="3"><SFA><LINE>142</LINE><COLUMN>9</COLUMN><FILENAME>canread.c</FILENAME><FILEPATH>c:\sergeybromirskiy\work\nim351\can\src\can\xp\</FILEPATH></SFA><DEFECTCODE>28170</DEFECTCODE><DESCRIPTION>The function 'CanStartRead' has been declared to be in a paged segment, but neither PAGED_CODE nor PAGED_CODE_LOCKED was found.</DESCRIPTION><FUNCTION>CanStartRead</FUNCTION><FUNCLINE>142</FUNCLINE><PATH/></DEFECT>
<DEFECT _seq="4"><SFA><LINE>214</LINE><COLUMN>49</COLUMN><FILENAME>canread.c</FILENAME><FILEPATH>c:\sergeybromirskiy\work\nim351\can\src\can\xp\</FILEPATH></SFA><DEFECTCODE>28155</DEFECTCODE><DESCRIPTION>The function being assigned or passed should be a KSYNCHRONIZE_ROUTINE function:  Add the declaration 'KSYNCHRONIZE_ROUTINE CanUpdateInterruptBuffer;' before the current first declaration of CanUpdateInterruptBuffer.</DESCRIPTION><FUNCTION>CanStartRead</FUNCTION><FUNCLINE>142</FUNCLINE><PATH/></DEFECT>
<DEFECT _seq="5"><SFA><LINE>248</LINE><COLUMN>51</COLUMN><FILENAME>canread.c</FILENAME><FILEPATH>c:\sergeybromirskiy\work\nim351\can\src\can\xp\</FILEPATH></SFA><DEFECTCODE>28155</DEFECTCODE><DESCRIPTION>The function being assigned or passed should be a KSYNCHRONIZE_ROUTINE function:  Add the declaration 'KSYNCHRONIZE_ROUTINE CanUpdateSwitchToUser;' before the current first declaration of CanUpdateSwitchToUser.</DESCRIPTION><FUNCTION>CanStartRead</FUNCTION><FUNCLINE>142</FUNCLINE><PATH/></DEFECT>
<DEFECT _seq="6"><SFA><LINE>316</LINE><COLUMN>8</COLUMN><FILENAME>canread.c</FILENAME><FILEPATH>c:\sergeybromirskiy\work\nim351\can\src\can\xp\</FILEPATH></SFA><DEFECTCODE>28170</DEFECTCODE><DESCRIPTION>The function 'CanUpdateInterruptBuffer' has been declared to be in a paged segment, but neither PAGED_CODE nor PAGED_CODE_LOCKED was found.</DESCRIPTION><FUNCTION>CanUpdateInterruptBuffer</FUNCTION><FUNCLINE>316</FUNCLINE><PATH/></DEFECT>
<DEFECT _seq="7"><SFA><LINE>425</LINE><COLUMN>4</COLUMN><FILENAME>canread.c</FILENAME><FILEPATH>c:\sergeybromirskiy\work\nim351\can\src\can\xp\</FILEPATH></SFA><DEFECTCODE>28155</DEFECTCODE><DESCRIPTION>The function being assigned or passed should be a DRIVER_CANCEL function:  Add the declaration 'DRIVER_CANCEL CanCancelCurrentRead;' before the current first declaration of CanCancelCurrentRead.</DESCRIPTION><FUNCTION>CanUpdateSwitchToUser</FUNCTION><FUNCLINE>403</FUNCLINE><PATH/></DEFECT>
<DEFECT _seq="8"><SFA><LINE>451</LINE><COLUMN>5</COLUMN><FILENAME>canread.c</FILENAME><FILEPATH>c:\sergeybromirskiy\work\nim351\can\src\can\xp\</FILEPATH></SFA><DEFECTCODE>28170</DEFECTCODE><DESCRIPTION>The function 'CanCancelCurrentRead' has been declared to be in a paged segment, but neither PAGED_CODE nor PAGED_CODE_LOCKED was found.</DESCRIPTION><FUNCTION>CanCancelCurrentRead</FUNCTION><FUNCLINE>451</FUNCLINE><PATH/></DEFECT>
<DEFECT _seq="9"><SFA><LINE>459</LINE><COLUMN>4</COLUMN><FILENAME>canread.c</FILENAME><FILEPATH>c:\sergeybromirskiy\work\nim351\can\src\can\xp\</FILEPATH></SFA><DEFECTCODE>28155</DEFECTCODE><DESCRIPTION>The function being assigned or passed should be a KSYNCHRONIZE_ROUTINE function:  Add the declaration 'KSYNCHRONIZE_ROUTINE CanGrabReadFromIsr;' before the current first declaration of CanGrabReadFromIsr.</DESCRIPTION><FUNCTION>CanCancelCurrentRead</FUNCTION><FUNCLINE>451</FUNCLINE><PATH/></DEFECT>
<DEFECT _seq="10"><SFA><LINE>499</LINE><COLUMN>8</COLUMN><FILENAME>canread.c</FILENAME><FILEPATH>c:\sergeybromirskiy\work\nim351\can\src\can\xp\</FILEPATH></SFA><DEFECTCODE>28170</DEFECTCODE><DESCRIPTION>The function 'CanGrabReadFromIsr' has been declared to be in a paged segment, but neither PAGED_CODE nor PAGED_CODE_LOCKED was found.</DESCRIPTION><FUNCTION>CanGrabReadFromIsr</FUNCTION><FUNCLINE>499</FUNCLINE><PATH/></DEFECT>
<DEFECT _seq="11"><SFA><LINE>537</LINE><COLUMN>5</COLUMN><FILENAME>canread.c</FILENAME><FILEPATH>c:\sergeybromirskiy\work\nim351\can\src\can\xp\</FILEPATH></SFA><DEFECTCODE>28167</DEFECTCODE><DESCRIPTION>The function 'CanReadTimeout' changes the IRQL and does not restore the IRQL before it exits. It should be annotated to reflect the change or the IRQL should be restored. IRQL was last set to 2 at line 548.</DESCRIPTION><FUNCTION>CanReadTimeout</FUNCTION><FUNCLINE>537</FUNCLINE><PATH><SFA><LINE>539</LINE><COLUMN>24</COLUMN><FILENAME>canread.c</FILENAME><FILEPATH>c:\sergeybromirskiy\work\nim351\can\src\can\xp\</FILEPATH></SFA><SFA><LINE>540</LINE><COLUMN>8</COLUMN><FILENAME>canread.c</FILENAME><FILEPATH>c:\sergeybromirskiy\work\nim351\can\src\can\xp\</FILEPATH></SFA><SFA><LINE>542</LINE><COLUMN>2</COLUMN><FILENAME>canread.c</FILENAME><FILEPATH>c:\sergeybromirskiy\work\nim351\can\src\can\xp\</FILEPATH></SFA><SFA><LINE>543</LINE><COLUMN>2</COLUMN><FILENAME>canread.c</FILENAME><FILEPATH>c:\sergeybromirskiy\work\nim351\can\src\can\xp\</FILEPATH></SFA><SFA><LINE>546</LINE><COLUMN>2</COLUMN><FILENAME>canread.c</FILENAME><FILEPATH>c:\sergeybromirskiy\work\nim351\can\src\can\xp\</FILEPATH></SFA><SFA><LINE>548</LINE><COLUMN>25</COLUMN><FILENAME>canread.c</FILENAME><FILEPATH>c:\sergeybromirskiy\work\nim351\can\src\can\xp\</FILEPATH></SFA><SFA><LINE>550</LINE><COLUMN>25</COLUMN><FILENAME>canread.c</FILENAME><FILEPATH>c:\sergeybromirskiy\work\nim351\can\src\can\xp\</FILEPATH></SFA><SFA><LINE>564</LINE><COLUMN>16</COLUMN><FILENAME>canread.c</FILENAME><FILEPATH>c:\sergeybromirskiy\work\nim351\can\src\can\xp\</FILEPATH></SFA><SFA><LINE>565</LINE><COLUMN>2</COLUMN><FILENAME>canread.c</FILENAME><FILEPATH>c:\sergeybromirskiy\work\nim351\can\src\can\xp\</FILEPATH></SFA></PATH></DEFECT>
<DEFECT _seq="12"><SFA><LINE>548</LINE><COLUMN>25</COLUMN><FILENAME>canread.c</FILENAME><FILEPATH>c:\sergeybromirskiy\work\nim351\can\src\can\xp\</FILEPATH></SFA><DEFECTCODE>28103</DEFECTCODE><DESCRIPTION>Leaking the CancelSpinLock stored in '#CancelSpinLock'.</DESCRIPTION><FUNCTION>CanReadTimeout</FUNCTION><FUNCLINE>537</FUNCLINE><PATH><SFA><LINE>539</LINE><COLUMN>24</COLUMN><FILENAME>canread.c</FILENAME><FILEPATH>c:\sergeybromirskiy\work\nim351\can\src\can\xp\</FILEPATH></SFA><SFA><LINE>540</LINE><COLUMN>8</COLUMN><FILENAME>canread.c</FILENAME><FILEPATH>c:\sergeybromirskiy\work\nim351\can\src\can\xp\</FILEPATH></SFA><SFA><LINE>542</LINE><COLUMN>2</COLUMN><FILENAME>canread.c</FILENAME><FILEPATH>c:\sergeybromirskiy\work\nim351\can\src\can\xp\</FILEPATH></SFA><SFA><LINE>543</LINE><COLUMN>2</COLUMN><FILENAME>canread.c</FILENAME><FILEPATH>c:\sergeybromirskiy\work\nim351\can\src\can\xp\</FILEPATH></SFA><SFA><LINE>546</LINE><COLUMN>2</COLUMN><FILENAME>canread.c</FILENAME><FILEPATH>c:\sergeybromirskiy\work\nim351\can\src\can\xp\</FILEPATH></SFA><SFA><LINE>548</LINE><COLUMN>25</COLUMN><FILENAME>canread.c</FILENAME><FILEPATH>c:\sergeybromirskiy\work\nim351\can\src\can\xp\</FILEPATH></SFA><SFA><LINE>550</LINE><COLUMN>25</COLUMN><FILENAME>canread.c</FILENAME><FILEPATH>c:\sergeybromirskiy\work\nim351\can\src\can\xp\</FILEPATH></SFA><SFA><LINE>564</LINE><COLUMN>16</COLUMN><FILENAME>canread.c</FILENAME><FILEPATH>c:\sergeybromirskiy\work\nim351\can\src\can\xp\</FILEPATH></SFA><SFA><LINE>565</LINE><COLUMN>2</COLUMN><FILENAME>canread.c</FILENAME><FILEPATH>c:\sergeybromirskiy\work\nim351\can\src\can\xp\</FILEPATH></SFA></PATH></DEFECT>
<DEFECT _seq="13"><SFA><LINE>552</LINE><COLUMN>4</COLUMN><FILENAME>canread.c</FILENAME><FILEPATH>c:\sergeybromirskiy\work\nim351\can\src\can\xp\</FILEPATH></SFA><DEFECTCODE>28155</DEFECTCODE><DESCRIPTION>The function being assigned or passed should be a KSYNCHRONIZE_ROUTINE function:  Add the declaration 'KSYNCHRONIZE_ROUTINE CanGrabReadFromIsr;' before the current first declaration of CanGrabReadFromIsr.</DESCRIPTION><FUNCTION>CanReadTimeout</FUNCTION><FUNCLINE>537</FUNCLINE><PATH/></DEFECT>
<DEFECT _seq="14"><SFA><LINE>590</LINE><COLUMN>5</COLUMN><FILENAME>canread.c</FILENAME><FILEPATH>c:\sergeybromirskiy\work\nim351\can\src\can\xp\</FILEPATH></SFA><DEFECTCODE>28167</DEFECTCODE><DESCRIPTION>The function 'CanCompleteRead' changes the IRQL and does not restore the IRQL before it exits. It should be annotated to reflect the change or the IRQL should be restored. IRQL was last set to 2 at line 601.</DESCRIPTION><FUNCTION>CanCompleteRead</FUNCTION><FUNCLINE>590</FUNCLINE><PATH><SFA><LINE>592</LINE><COLUMN>24</COLUMN><FILENAME>canread.c</FILENAME><FILEPATH>c:\sergeybromirskiy\work\nim351\can\src\can\xp\</FILEPATH></SFA><SFA><LINE>593</LINE><COLUMN>8</COLUMN><FILENAME>canread.c</FILENAME><FILEPATH>c:\sergeybromirskiy\work\nim351\can\src\can\xp\</FILEPATH></SFA><SFA><LINE>595</LINE><COLUMN>2</COLUMN><FILENAME>canread.c</FILENAME><FILEPATH>c:\sergeybromirskiy\work\nim351\can\src\can\xp\</FILEPATH></SFA><SFA><LINE>596</LINE><COLUMN>2</COLUMN><FILENAME>canread.c</FILENAME><FILEPATH>c:\sergeybromirskiy\work\nim351\can\src\can\xp\</FILEPATH></SFA><SFA><LINE>599</LINE><COLUMN>2</COLUMN><FILENAME>canread.c</FILENAME><FILEPATH>c:\sergeybromirskiy\work\nim351\can\src\can\xp\</FILEPATH></SFA><SFA><LINE>601</LINE><COLUMN>25</COLUMN><FILENAME>canread.c</FILENAME><FILEPATH>c:\sergeybromirskiy\work\nim351\can\src\can\xp\</FILEPATH></SFA><SFA><LINE>603</LINE><COLUMN>25</COLUMN><FILENAME>canread.c</FILENAME><FILEPATH>c:\sergeybromirskiy\work\nim351\can\src\can\xp\</FILEPATH></SFA><SFA><LINE>617</LINE><COLUMN>16</COLUMN><FILENAME>canread.c</FILENAME><FILEPATH>c:\sergeybromirskiy\work\nim351\can\src\can\xp\</FILEPATH></SFA><SFA><LINE>619</LINE><COLUMN>2</COLUMN><FILENAME>canread.c</FILENAME><FILEPATH>c:\sergeybromirskiy\work\nim351\can\src\can\xp\</FILEPATH></SFA></PATH></DEFECT>
<DEFECT _seq="15"><SFA><LINE>601</LINE><COLUMN>25</COLUMN><FILENAME>canread.c</FILENAME><FILEPATH>c:\sergeybromirskiy\work\nim351\can\src\can\xp\</FILEPATH></SFA><DEFECTCODE>28103</DEFECTCODE><DESCRIPTION>Leaking the CancelSpinLock stored in '#CancelSpinLock'.</DESCRIPTION><FUNCTION>CanCompleteRead</FUNCTION><FUNCLINE>590</FUNCLINE><PATH><SFA><LINE>592</LINE><COLUMN>24</COLUMN><FILENAME>canread.c</FILENAME><FILEPATH>c:\sergeybromirskiy\work\nim351\can\src\can\xp\</FILEPATH></SFA><SFA><LINE>593</LINE><COLUMN>8</COLUMN><FILENAME>canread.c</FILENAME><FILEPATH>c:\sergeybromirskiy\work\nim351\can\src\can\xp\</FILEPATH></SFA><SFA><LINE>595</LINE><COLUMN>2</COLUMN><FILENAME>canread.c</FILENAME><FILEPATH>c:\sergeybromirskiy\work\nim351\can\src\can\xp\</FILEPATH></SFA><SFA><LINE>596</LINE><COLUMN>2</COLUMN><FILENAME>canread.c</FILENAME><FILEPATH>c:\sergeybromirskiy\work\nim351\can\src\can\xp\</FILEPATH></SFA><SFA><LINE>599</LINE><COLUMN>2</COLUMN><FILENAME>canread.c</FILENAME><FILEPATH>c:\sergeybromirskiy\work\nim351\can\src\can\xp\</FILEPATH></SFA><SFA><LINE>601</LINE><COLUMN>25</COLUMN><FILENAME>canread.c</FILENAME><FILEPATH>c:\sergeybromirskiy\work\nim351\can\src\can\xp\</FILEPATH></SFA><SFA><LINE>603</LINE><COLUMN>25</COLUMN><FILENAME>canread.c</FILENAME><FILEPATH>c:\sergeybromirskiy\work\nim351\can\src\can\xp\</FILEPATH></SFA><SFA><LINE>617</LINE><COLUMN>16</COLUMN><FILENAME>canread.c</FILENAME><FILEPATH>c:\sergeybromirskiy\work\nim351\can\src\can\xp\</FILEPATH></SFA><SFA><LINE>619</LINE><COLUMN>2</COLUMN><FILENAME>canread.c</FILENAME><FILEPATH>c:\sergeybromirskiy\work\nim351\can\src\can\xp\</FILEPATH></SFA></PATH></DEFECT>
</DEFECTS>
