<?xml version="1.0" encoding="UTF-8"?>
<DEFECTS>
<OACRDEFECTCOUNT>29</OACRDEFECTCOUNT>
<OACRERRORCOUNT>0</OACRERRORCOUNT>
<DEFECT _seq="1"><SFA><LINE>152</LINE><COLUMN>25</COLUMN><FILENAME>canutils.c</FILENAME><FILEPATH>c:\sergeybromirskiy\work\nim351\can\src\can\xp\</FILEPATH></SFA><DEFECTCODE>28107</DEFECTCODE><DESCRIPTION>The CancelSpinLock '#CancelSpinLock' must be held when calling 'IoReleaseCancelSpinLock'.</DESCRIPTION><FUNCTION>CanFilterCancelQueued</FUNCTION><FUNCLINE>143</FUNCLINE><PATH><SFA><LINE>145</LINE><COLUMN>24</COLUMN><FILENAME>canutils.c</FILENAME><FILEPATH>c:\sergeybromirskiy\work\nim351\can\src\can\xp\</FILEPATH></SFA><SFA><LINE>146</LINE><COLUMN>21</COLUMN><FILENAME>canutils.c</FILENAME><FILEPATH>c:\sergeybromirskiy\work\nim351\can\src\can\xp\</FILEPATH></SFA><SFA><LINE>148</LINE><COLUMN>24</COLUMN><FILENAME>canutils.c</FILENAME><FILEPATH>c:\sergeybromirskiy\work\nim351\can\src\can\xp\</FILEPATH></SFA><SFA><LINE>149</LINE><COLUMN>29</COLUMN><FILENAME>canutils.c</FILENAME><FILEPATH>c:\sergeybromirskiy\work\nim351\can\src\can\xp\</FILEPATH></SFA><SFA><LINE>151</LINE><COLUMN>17</COLUMN><FILENAME>canutils.c</FILENAME><FILEPATH>c:\sergeybromirskiy\work\nim351\can\src\can\xp\</FILEPATH></SFA><SFA><LINE>152</LINE><COLUMN>25</COLUMN><FILENAME>canutils.c</FILENAME><FILEPATH>c:\sergeybromirskiy\work\nim351\can\src\can\xp\</FILEPATH></SFA></PATH></DEFECT>
<DEFECT _seq="2"><SFA><LINE>143</LINE><COLUMN>5</COLUMN><FILENAME>canutils.c</FILENAME><FILEPATH>c:\sergeybromirskiy\work\nim351\can\src\can\xp\</FILEPATH></SFA><DEFECTCODE>28167</DEFECTCODE><DESCRIPTION>The function 'CanFilterCancelQueued' changes the IRQL and does not restore the IRQL before it exits. It should be annotated to reflect the change or the IRQL should be restored. IRQL was last set at line 152.</DESCRIPTION><FUNCTION>CanFilterCancelQueued</FUNCTION><FUNCLINE>143</FUNCLINE><PATH><SFA><LINE>145</LINE><COLUMN>24</COLUMN><FILENAME>canutils.c</FILENAME><FILEPATH>c:\sergeybromirskiy\work\nim351\can\src\can\xp\</FILEPATH></SFA><SFA><LINE>146</LINE><COLUMN>21</COLUMN><FILENAME>canutils.c</FILENAME><FILEPATH>c:\sergeybromirskiy\work\nim351\can\src\can\xp\</FILEPATH></SFA><SFA><LINE>148</LINE><COLUMN>24</COLUMN><FILENAME>canutils.c</FILENAME><FILEPATH>c:\sergeybromirskiy\work\nim351\can\src\can\xp\</FILEPATH></SFA><SFA><LINE>149</LINE><COLUMN>29</COLUMN><FILENAME>canutils.c</FILENAME><FILEPATH>c:\sergeybromirskiy\work\nim351\can\src\can\xp\</FILEPATH></SFA><SFA><LINE>151</LINE><COLUMN>17</COLUMN><FILENAME>canutils.c</FILENAME><FILEPATH>c:\sergeybromirskiy\work\nim351\can\src\can\xp\</FILEPATH></SFA><SFA><LINE>152</LINE><COLUMN>25</COLUMN><FILENAME>canutils.c</FILENAME><FILEPATH>c:\sergeybromirskiy\work\nim351\can\src\can\xp\</FILEPATH></SFA></PATH></DEFECT>
<DEFECT _seq="3"><SFA><LINE>228</LINE><COLUMN>7</COLUMN><FILENAME>canutils.c</FILENAME><FILEPATH>c:\sergeybromirskiy\work\nim351\can\src\can\xp\</FILEPATH></SFA><DEFECTCODE>28155</DEFECTCODE><DESCRIPTION>The function being assigned or passed should be a DRIVER_CANCEL function:  Add the declaration 'DRIVER_CANCEL CanFilterCancelQueued;' before the current first declaration of CanFilterCancelQueued.</DESCRIPTION><FUNCTION>CanFilterIrps</FUNCTION><FUNCLINE>172</FUNCLINE><PATH/></DEFECT>
<DEFECT _seq="4"><SFA><LINE>485</LINE><COLUMN>5</COLUMN><FILENAME>canutils.c</FILENAME><FILEPATH>c:\sergeybromirskiy\work\nim351\can\src\can\xp\</FILEPATH></SFA><DEFECTCODE>28167</DEFECTCODE><DESCRIPTION>The function 'CanKillAllReadsOrWrites' changes the IRQL and does not restore the IRQL before it exits. It should be annotated to reflect the change or the IRQL should be restored. IRQL was last set to 2 at line 492.</DESCRIPTION><FUNCTION>CanKillAllReadsOrWrites</FUNCTION><FUNCLINE>485</FUNCLINE><PATH><SFA><LINE>487</LINE><COLUMN>8</COLUMN><FILENAME>canutils.c</FILENAME><FILEPATH>c:\sergeybromirskiy\work\nim351\can\src\can\xp\</FILEPATH></SFA><SFA><LINE>488</LINE><COLUMN>17</COLUMN><FILENAME>canutils.c</FILENAME><FILEPATH>c:\sergeybromirskiy\work\nim351\can\src\can\xp\</FILEPATH></SFA><SFA><LINE>492</LINE><COLUMN>25</COLUMN><FILENAME>canutils.c</FILENAME><FILEPATH>c:\sergeybromirskiy\work\nim351\can\src\can\xp\</FILEPATH></SFA><SFA><LINE>495</LINE><COLUMN>8</COLUMN><FILENAME>canutils.c</FILENAME><FILEPATH>c:\sergeybromirskiy\work\nim351\can\src\can\xp\</FILEPATH></SFA><SFA><LINE>510</LINE><COLUMN>5</COLUMN><FILENAME>canutils.c</FILENAME><FILEPATH>c:\sergeybromirskiy\work\nim351\can\src\can\xp\</FILEPATH></SFA><SFA><LINE>512</LINE><COLUMN>18</COLUMN><FILENAME>canutils.c</FILENAME><FILEPATH>c:\sergeybromirskiy\work\nim351\can\src\can\xp\</FILEPATH></SFA><SFA><LINE>513</LINE><COLUMN>28</COLUMN><FILENAME>canutils.c</FILENAME><FILEPATH>c:\sergeybromirskiy\work\nim351\can\src\can\xp\</FILEPATH></SFA><SFA><LINE>519</LINE><COLUMN>7</COLUMN><FILENAME>canutils.c</FILENAME><FILEPATH>c:\sergeybromirskiy\work\nim351\can\src\can\xp\</FILEPATH></SFA><SFA><LINE>521</LINE><COLUMN>37</COLUMN><FILENAME>canutils.c</FILENAME><FILEPATH>c:\sergeybromirskiy\work\nim351\can\src\can\xp\</FILEPATH></SFA><SFA><LINE>522</LINE><COLUMN>34</COLUMN><FILENAME>canutils.c</FILENAME><FILEPATH>c:\sergeybromirskiy\work\nim351\can\src\can\xp\</FILEPATH></SFA><SFA><LINE>526</LINE><COLUMN>19</COLUMN><FILENAME>canutils.c</FILENAME><FILEPATH>c:\sergeybromirskiy\work\nim351\can\src\can\xp\</FILEPATH></SFA></PATH></DEFECT>
<DEFECT _seq="5"><SFA><LINE>539</LINE><COLUMN>5</COLUMN><FILENAME>canutils.c</FILENAME><FILEPATH>c:\sergeybromirskiy\work\nim351\can\src\can\xp\</FILEPATH></SFA><DEFECTCODE>28167</DEFECTCODE><DESCRIPTION>The function 'CanKillAllStalled' changes the IRQL and does not restore the IRQL before it exits. It should be annotated to reflect the change or the IRQL should be restored. IRQL was last set to 2 at line 545.</DESCRIPTION><FUNCTION>CanKillAllStalled</FUNCTION><FUNCLINE>539</FUNCLINE><PATH><SFA><LINE>541</LINE><COLUMN>8</COLUMN><FILENAME>canutils.c</FILENAME><FILEPATH>c:\sergeybromirskiy\work\nim351\can\src\can\xp\</FILEPATH></SFA><SFA><LINE>542</LINE><COLUMN>17</COLUMN><FILENAME>canutils.c</FILENAME><FILEPATH>c:\sergeybromirskiy\work\nim351\can\src\can\xp\</FILEPATH></SFA><SFA><LINE>543</LINE><COLUMN>24</COLUMN><FILENAME>canutils.c</FILENAME><FILEPATH>c:\sergeybromirskiy\work\nim351\can\src\can\xp\</FILEPATH></SFA><SFA><LINE>545</LINE><COLUMN>25</COLUMN><FILENAME>canutils.c</FILENAME><FILEPATH>c:\sergeybromirskiy\work\nim351\can\src\can\xp\</FILEPATH></SFA><SFA><LINE>546</LINE><COLUMN>8</COLUMN><FILENAME>canutils.c</FILENAME><FILEPATH>c:\sergeybromirskiy\work\nim351\can\src\can\xp\</FILEPATH></SFA><SFA><LINE>548</LINE><COLUMN>9</COLUMN><FILENAME>canutils.c</FILENAME><FILEPATH>c:\sergeybromirskiy\work\nim351\can\src\can\xp\</FILEPATH></SFA><SFA><LINE>550</LINE><COLUMN>19</COLUMN><FILENAME>canutils.c</FILENAME><FILEPATH>c:\sergeybromirskiy\work\nim351\can\src\can\xp\</FILEPATH></SFA><SFA><LINE>551</LINE><COLUMN>18</COLUMN><FILENAME>canutils.c</FILENAME><FILEPATH>c:\sergeybromirskiy\work\nim351\can\src\can\xp\</FILEPATH></SFA><SFA><LINE>552</LINE><COLUMN>31</COLUMN><FILENAME>canutils.c</FILENAME><FILEPATH>c:\sergeybromirskiy\work\nim351\can\src\can\xp\</FILEPATH></SFA><SFA><LINE>553</LINE><COLUMN>34</COLUMN><FILENAME>canutils.c</FILENAME><FILEPATH>c:\sergeybromirskiy\work\nim351\can\src\can\xp\</FILEPATH></SFA><SFA><LINE>554</LINE><COLUMN>27</COLUMN><FILENAME>canutils.c</FILENAME><FILEPATH>c:\sergeybromirskiy\work\nim351\can\src\can\xp\</FILEPATH></SFA><SFA><LINE>556</LINE><COLUMN>17</COLUMN><FILENAME>canutils.c</FILENAME><FILEPATH>c:\sergeybromirskiy\work\nim351\can\src\can\xp\</FILEPATH></SFA><SFA><LINE>558</LINE><COLUMN>27</COLUMN><FILENAME>canutils.c</FILENAME><FILEPATH>c:\sergeybromirskiy\work\nim351\can\src\can\xp\</FILEPATH></SFA><SFA><LINE>546</LINE><COLUMN>8</COLUMN><FILENAME>canutils.c</FILENAME><FILEPATH>c:\sergeybromirskiy\work\nim351\can\src\can\xp\</FILEPATH></SFA><SFA><LINE>560</LINE><COLUMN>25</COLUMN><FILENAME>canutils.c</FILENAME><FILEPATH>c:\sergeybromirskiy\work\nim351\can\src\can\xp\</FILEPATH></SFA></PATH></DEFECT>
<DEFECT _seq="6"><SFA><LINE>612</LINE><COLUMN>5</COLUMN><FILENAME>canutils.c</FILENAME><FILEPATH>c:\sergeybromirskiy\work\nim351\can\src\can\xp\</FILEPATH></SFA><DEFECTCODE>28170</DEFECTCODE><DESCRIPTION>The function 'CanRundownIrpRefs' has been declared to be in a paged segment, but neither PAGED_CODE nor PAGED_CODE_LOCKED was found.</DESCRIPTION><FUNCTION>CanRundownIrpRefs</FUNCTION><FUNCLINE>612</FUNCLINE><PATH/></DEFECT>
<DEFECT _seq="7"><SFA><LINE>685</LINE><COLUMN>5</COLUMN><FILENAME>canutils.c</FILENAME><FILEPATH>c:\sergeybromirskiy\work\nim351\can\src\can\xp\</FILEPATH></SFA><DEFECTCODE>28170</DEFECTCODE><DESCRIPTION>The function 'CanGetNextIrp' has been declared to be in a paged segment, but neither PAGED_CODE nor PAGED_CODE_LOCKED was found.</DESCRIPTION><FUNCTION>CanGetNextIrp</FUNCTION><FUNCLINE>685</FUNCLINE><PATH/></DEFECT>
<DEFECT _seq="8"><SFA><LINE>685</LINE><COLUMN>5</COLUMN><FILENAME>canutils.c</FILENAME><FILEPATH>c:\sergeybromirskiy\work\nim351\can\src\can\xp\</FILEPATH></SFA><DEFECTCODE>28167</DEFECTCODE><DESCRIPTION>The function 'CanGetNextIrp' changes the IRQL and does not restore the IRQL before it exits. It should be annotated to reflect the change or the IRQL should be restored. IRQL was last set to 2 at line 697.</DESCRIPTION><FUNCTION>CanGetNextIrp</FUNCTION><FUNCLINE>685</FUNCLINE><PATH><SFA><LINE>693</LINE><COLUMN>8</COLUMN><FILENAME>canutils.c</FILENAME><FILEPATH>c:\sergeybromirskiy\work\nim351\can\src\can\xp\</FILEPATH></SFA><SFA><LINE>695</LINE><COLUMN>2</COLUMN><FILENAME>canutils.c</FILENAME><FILEPATH>c:\sergeybromirskiy\work\nim351\can\src\can\xp\</FILEPATH></SFA><SFA><LINE>697</LINE><COLUMN>25</COLUMN><FILENAME>canutils.c</FILENAME><FILEPATH>c:\sergeybromirskiy\work\nim351\can\src\can\xp\</FILEPATH></SFA><SFA><LINE>698</LINE><COLUMN>21</COLUMN><FILENAME>canutils.c</FILENAME><FILEPATH>c:\sergeybromirskiy\work\nim351\can\src\can\xp\</FILEPATH></SFA></PATH></DEFECT>
<DEFECT _seq="9"><SFA><LINE>697</LINE><COLUMN>25</COLUMN><FILENAME>canutils.c</FILENAME><FILEPATH>c:\sergeybromirskiy\work\nim351\can\src\can\xp\</FILEPATH></SFA><DEFECTCODE>28103</DEFECTCODE><DESCRIPTION>Leaking the CancelSpinLock stored in '#CancelSpinLock'.</DESCRIPTION><FUNCTION>CanGetNextIrp</FUNCTION><FUNCLINE>685</FUNCLINE><PATH><SFA><LINE>693</LINE><COLUMN>8</COLUMN><FILENAME>canutils.c</FILENAME><FILEPATH>c:\sergeybromirskiy\work\nim351\can\src\can\xp\</FILEPATH></SFA><SFA><LINE>695</LINE><COLUMN>2</COLUMN><FILENAME>canutils.c</FILENAME><FILEPATH>c:\sergeybromirskiy\work\nim351\can\src\can\xp\</FILEPATH></SFA><SFA><LINE>697</LINE><COLUMN>25</COLUMN><FILENAME>canutils.c</FILENAME><FILEPATH>c:\sergeybromirskiy\work\nim351\can\src\can\xp\</FILEPATH></SFA><SFA><LINE>698</LINE><COLUMN>21</COLUMN><FILENAME>canutils.c</FILENAME><FILEPATH>c:\sergeybromirskiy\work\nim351\can\src\can\xp\</FILEPATH></SFA></PATH></DEFECT>
<DEFECT _seq="10"><SFA><LINE>697</LINE><COLUMN>25</COLUMN><FILENAME>canutils.c</FILENAME><FILEPATH>c:\sergeybromirskiy\work\nim351\can\src\can\xp\</FILEPATH></SFA><DEFECTCODE>28103</DEFECTCODE><DESCRIPTION>Leaking the CancelSpinLock stored in '#CancelSpinLock'.</DESCRIPTION><FUNCTION>CanGetNextIrp</FUNCTION><FUNCLINE>685</FUNCLINE><PATH><SFA><LINE>693</LINE><COLUMN>8</COLUMN><FILENAME>canutils.c</FILENAME><FILEPATH>c:\sergeybromirskiy\work\nim351\can\src\can\xp\</FILEPATH></SFA><SFA><LINE>695</LINE><COLUMN>2</COLUMN><FILENAME>canutils.c</FILENAME><FILEPATH>c:\sergeybromirskiy\work\nim351\can\src\can\xp\</FILEPATH></SFA><SFA><LINE>697</LINE><COLUMN>25</COLUMN><FILENAME>canutils.c</FILENAME><FILEPATH>c:\sergeybromirskiy\work\nim351\can\src\can\xp\</FILEPATH></SFA><SFA><LINE>698</LINE><COLUMN>21</COLUMN><FILENAME>canutils.c</FILENAME><FILEPATH>c:\sergeybromirskiy\work\nim351\can\src\can\xp\</FILEPATH></SFA></PATH></DEFECT>
<DEFECT _seq="11"><SFA><LINE>737</LINE><COLUMN>5</COLUMN><FILENAME>canutils.c</FILENAME><FILEPATH>c:\sergeybromirskiy\work\nim351\can\src\can\xp\</FILEPATH></SFA><DEFECTCODE>28170</DEFECTCODE><DESCRIPTION>The function 'CanGetNextIrpLocked' has been declared to be in a paged segment, but neither PAGED_CODE nor PAGED_CODE_LOCKED was found.</DESCRIPTION><FUNCTION>CanGetNextIrpLocked</FUNCTION><FUNCLINE>737</FUNCLINE><PATH/></DEFECT>
<DEFECT _seq="12"><SFA><LINE>766</LINE><COLUMN>25</COLUMN><FILENAME>canutils.c</FILENAME><FILEPATH>c:\sergeybromirskiy\work\nim351\can\src\can\xp\</FILEPATH></SFA><DEFECTCODE>28107</DEFECTCODE><DESCRIPTION>The CancelSpinLock '#CancelSpinLock' must be held when calling 'IoReleaseCancelSpinLock'.</DESCRIPTION><FUNCTION>CanGetNextIrpLocked</FUNCTION><FUNCLINE>737</FUNCLINE><PATH><SFA><LINE>746</LINE><COLUMN>7</COLUMN><FILENAME>canutils.c</FILENAME><FILEPATH>c:\sergeybromirskiy\work\nim351\can\src\can\xp\</FILEPATH></SFA><SFA><LINE>748</LINE><COLUMN>2</COLUMN><FILENAME>canutils.c</FILENAME><FILEPATH>c:\sergeybromirskiy\work\nim351\can\src\can\xp\</FILEPATH></SFA><SFA><LINE>750</LINE><COLUMN>9</COLUMN><FILENAME>canutils.c</FILENAME><FILEPATH>c:\sergeybromirskiy\work\nim351\can\src\can\xp\</FILEPATH></SFA><SFA><LINE>753</LINE><COLUMN>5</COLUMN><FILENAME>canutils.c</FILENAME><FILEPATH>c:\sergeybromirskiy\work\nim351\can\src\can\xp\</FILEPATH></SFA><SFA><LINE>762</LINE><COLUMN>18</COLUMN><FILENAME>canutils.c</FILENAME><FILEPATH>c:\sergeybromirskiy\work\nim351\can\src\can\xp\</FILEPATH></SFA><SFA><LINE>765</LINE><COLUMN>11</COLUMN><FILENAME>canutils.c</FILENAME><FILEPATH>c:\sergeybromirskiy\work\nim351\can\src\can\xp\</FILEPATH></SFA><SFA><LINE>766</LINE><COLUMN>25</COLUMN><FILENAME>canutils.c</FILENAME><FILEPATH>c:\sergeybromirskiy\work\nim351\can\src\can\xp\</FILEPATH></SFA></PATH></DEFECT>
<DEFECT _seq="13"><SFA><LINE>737</LINE><COLUMN>5</COLUMN><FILENAME>canutils.c</FILENAME><FILEPATH>c:\sergeybromirskiy\work\nim351\can\src\can\xp\</FILEPATH></SFA><DEFECTCODE>28167</DEFECTCODE><DESCRIPTION>The function 'CanGetNextIrpLocked' changes the IRQL and does not restore the IRQL before it exits. It should be annotated to reflect the change or the IRQL should be restored. IRQL was last set at line 766.</DESCRIPTION><FUNCTION>CanGetNextIrpLocked</FUNCTION><FUNCLINE>737</FUNCLINE><PATH><SFA><LINE>746</LINE><COLUMN>7</COLUMN><FILENAME>canutils.c</FILENAME><FILEPATH>c:\sergeybromirskiy\work\nim351\can\src\can\xp\</FILEPATH></SFA><SFA><LINE>748</LINE><COLUMN>2</COLUMN><FILENAME>canutils.c</FILENAME><FILEPATH>c:\sergeybromirskiy\work\nim351\can\src\can\xp\</FILEPATH></SFA><SFA><LINE>750</LINE><COLUMN>9</COLUMN><FILENAME>canutils.c</FILENAME><FILEPATH>c:\sergeybromirskiy\work\nim351\can\src\can\xp\</FILEPATH></SFA><SFA><LINE>753</LINE><COLUMN>5</COLUMN><FILENAME>canutils.c</FILENAME><FILEPATH>c:\sergeybromirskiy\work\nim351\can\src\can\xp\</FILEPATH></SFA><SFA><LINE>762</LINE><COLUMN>18</COLUMN><FILENAME>canutils.c</FILENAME><FILEPATH>c:\sergeybromirskiy\work\nim351\can\src\can\xp\</FILEPATH></SFA><SFA><LINE>765</LINE><COLUMN>11</COLUMN><FILENAME>canutils.c</FILENAME><FILEPATH>c:\sergeybromirskiy\work\nim351\can\src\can\xp\</FILEPATH></SFA><SFA><LINE>766</LINE><COLUMN>25</COLUMN><FILENAME>canutils.c</FILENAME><FILEPATH>c:\sergeybromirskiy\work\nim351\can\src\can\xp\</FILEPATH></SFA><SFA><LINE>768</LINE><COLUMN>5</COLUMN><FILENAME>canutils.c</FILENAME><FILEPATH>c:\sergeybromirskiy\work\nim351\can\src\can\xp\</FILEPATH></SFA></PATH></DEFECT>
<DEFECT _seq="14"><SFA><LINE>805</LINE><COLUMN>5</COLUMN><FILENAME>canutils.c</FILENAME><FILEPATH>c:\sergeybromirskiy\work\nim351\can\src\can\xp\</FILEPATH></SFA><DEFECTCODE>28170</DEFECTCODE><DESCRIPTION>The function 'CanTryToCompleteCurrent' has been declared to be in a paged segment, but neither PAGED_CODE nor PAGED_CODE_LOCKED was found.</DESCRIPTION><FUNCTION>CanTryToCompleteCurrent</FUNCTION><FUNCLINE>805</FUNCLINE><PATH/></DEFECT>
<DEFECT _seq="15"><SFA><LINE>872</LINE><COLUMN>29</COLUMN><FILENAME>canutils.c</FILENAME><FILEPATH>c:\sergeybromirskiy\work\nim351\can\src\can\xp\</FILEPATH></SFA><DEFECTCODE>28107</DEFECTCODE><DESCRIPTION>The CancelSpinLock '#CancelSpinLock' must be held when calling 'IoReleaseCancelSpinLock'.</DESCRIPTION><FUNCTION>CanTryToCompleteCurrent</FUNCTION><FUNCLINE>805</FUNCLINE><PATH><SFA><LINE>818</LINE><COLUMN>2</COLUMN><FILENAME>canutils.c</FILENAME><FILEPATH>c:\sergeybromirskiy\work\nim351\can\src\can\xp\</FILEPATH></SFA><SFA><LINE>822</LINE><COLUMN>2</COLUMN><FILENAME>canutils.c</FILENAME><FILEPATH>c:\sergeybromirskiy\work\nim351\can\src\can\xp\</FILEPATH></SFA><SFA><LINE>824</LINE><COLUMN>5</COLUMN><FILENAME>canutils.c</FILENAME><FILEPATH>c:\sergeybromirskiy\work\nim351\can\src\can\xp\</FILEPATH></SFA><SFA><LINE>827</LINE><COLUMN>5</COLUMN><FILENAME>canutils.c</FILENAME><FILEPATH>c:\sergeybromirskiy\work\nim351\can\src\can\xp\</FILEPATH></SFA><SFA><LINE>833</LINE><COLUMN>22</COLUMN><FILENAME>canutils.c</FILENAME><FILEPATH>c:\sergeybromirskiy\work\nim351\can\src\can\xp\</FILEPATH></SFA><SFA><LINE>835</LINE><COLUMN>9</COLUMN><FILENAME>canutils.c</FILENAME><FILEPATH>c:\sergeybromirskiy\work\nim351\can\src\can\xp\</FILEPATH></SFA><SFA><LINE>837</LINE><COLUMN>7</COLUMN><FILENAME>canutils.c</FILENAME><FILEPATH>c:\sergeybromirskiy\work\nim351\can\src\can\xp\</FILEPATH></SFA><SFA><LINE>848</LINE><COLUMN>7</COLUMN><FILENAME>canutils.c</FILENAME><FILEPATH>c:\sergeybromirskiy\work\nim351\can\src\can\xp\</FILEPATH></SFA><SFA><LINE>865</LINE><COLUMN>11</COLUMN><FILENAME>canutils.c</FILENAME><FILEPATH>c:\sergeybromirskiy\work\nim351\can\src\can\xp\</FILEPATH></SFA><SFA><LINE>870</LINE><COLUMN>20</COLUMN><FILENAME>canutils.c</FILENAME><FILEPATH>c:\sergeybromirskiy\work\nim351\can\src\can\xp\</FILEPATH></SFA><SFA><LINE>872</LINE><COLUMN>29</COLUMN><FILENAME>canutils.c</FILENAME><FILEPATH>c:\sergeybromirskiy\work\nim351\can\src\can\xp\</FILEPATH></SFA></PATH></DEFECT>
<DEFECT _seq="16"><SFA><LINE>805</LINE><COLUMN>5</COLUMN><FILENAME>canutils.c</FILENAME><FILEPATH>c:\sergeybromirskiy\work\nim351\can\src\can\xp\</FILEPATH></SFA><DEFECTCODE>28167</DEFECTCODE><DESCRIPTION>The function 'CanTryToCompleteCurrent' changes the IRQL and does not restore the IRQL before it exits. It should be annotated to reflect the change or the IRQL should be restored. IRQL was last set at line 872.</DESCRIPTION><FUNCTION>CanTryToCompleteCurrent</FUNCTION><FUNCLINE>805</FUNCLINE><PATH><SFA><LINE>818</LINE><COLUMN>2</COLUMN><FILENAME>canutils.c</FILENAME><FILEPATH>c:\sergeybromirskiy\work\nim351\can\src\can\xp\</FILEPATH></SFA><SFA><LINE>822</LINE><COLUMN>2</COLUMN><FILENAME>canutils.c</FILENAME><FILEPATH>c:\sergeybromirskiy\work\nim351\can\src\can\xp\</FILEPATH></SFA><SFA><LINE>824</LINE><COLUMN>5</COLUMN><FILENAME>canutils.c</FILENAME><FILEPATH>c:\sergeybromirskiy\work\nim351\can\src\can\xp\</FILEPATH></SFA><SFA><LINE>827</LINE><COLUMN>5</COLUMN><FILENAME>canutils.c</FILENAME><FILEPATH>c:\sergeybromirskiy\work\nim351\can\src\can\xp\</FILEPATH></SFA><SFA><LINE>833</LINE><COLUMN>22</COLUMN><FILENAME>canutils.c</FILENAME><FILEPATH>c:\sergeybromirskiy\work\nim351\can\src\can\xp\</FILEPATH></SFA><SFA><LINE>835</LINE><COLUMN>9</COLUMN><FILENAME>canutils.c</FILENAME><FILEPATH>c:\sergeybromirskiy\work\nim351\can\src\can\xp\</FILEPATH></SFA><SFA><LINE>837</LINE><COLUMN>7</COLUMN><FILENAME>canutils.c</FILENAME><FILEPATH>c:\sergeybromirskiy\work\nim351\can\src\can\xp\</FILEPATH></SFA><SFA><LINE>848</LINE><COLUMN>7</COLUMN><FILENAME>canutils.c</FILENAME><FILEPATH>c:\sergeybromirskiy\work\nim351\can\src\can\xp\</FILEPATH></SFA><SFA><LINE>865</LINE><COLUMN>11</COLUMN><FILENAME>canutils.c</FILENAME><FILEPATH>c:\sergeybromirskiy\work\nim351\can\src\can\xp\</FILEPATH></SFA><SFA><LINE>870</LINE><COLUMN>20</COLUMN><FILENAME>canutils.c</FILENAME><FILEPATH>c:\sergeybromirskiy\work\nim351\can\src\can\xp\</FILEPATH></SFA><SFA><LINE>872</LINE><COLUMN>29</COLUMN><FILENAME>canutils.c</FILENAME><FILEPATH>c:\sergeybromirskiy\work\nim351\can\src\can\xp\</FILEPATH></SFA><SFA><LINE>873</LINE><COLUMN>9</COLUMN><FILENAME>canutils.c</FILENAME><FILEPATH>c:\sergeybromirskiy\work\nim351\can\src\can\xp\</FILEPATH></SFA></PATH></DEFECT>
<DEFECT _seq="17"><SFA><LINE>850</LINE><COLUMN>29</COLUMN><FILENAME>canutils.c</FILENAME><FILEPATH>c:\sergeybromirskiy\work\nim351\can\src\can\xp\</FILEPATH></SFA><DEFECTCODE>28107</DEFECTCODE><DESCRIPTION>The CancelSpinLock '#CancelSpinLock' must be held when calling 'IoReleaseCancelSpinLock'.</DESCRIPTION><FUNCTION>CanTryToCompleteCurrent</FUNCTION><FUNCLINE>805</FUNCLINE><PATH><SFA><LINE>818</LINE><COLUMN>2</COLUMN><FILENAME>canutils.c</FILENAME><FILEPATH>c:\sergeybromirskiy\work\nim351\can\src\can\xp\</FILEPATH></SFA><SFA><LINE>822</LINE><COLUMN>2</COLUMN><FILENAME>canutils.c</FILENAME><FILEPATH>c:\sergeybromirskiy\work\nim351\can\src\can\xp\</FILEPATH></SFA><SFA><LINE>824</LINE><COLUMN>5</COLUMN><FILENAME>canutils.c</FILENAME><FILEPATH>c:\sergeybromirskiy\work\nim351\can\src\can\xp\</FILEPATH></SFA><SFA><LINE>827</LINE><COLUMN>5</COLUMN><FILENAME>canutils.c</FILENAME><FILEPATH>c:\sergeybromirskiy\work\nim351\can\src\can\xp\</FILEPATH></SFA><SFA><LINE>833</LINE><COLUMN>22</COLUMN><FILENAME>canutils.c</FILENAME><FILEPATH>c:\sergeybromirskiy\work\nim351\can\src\can\xp\</FILEPATH></SFA><SFA><LINE>835</LINE><COLUMN>9</COLUMN><FILENAME>canutils.c</FILENAME><FILEPATH>c:\sergeybromirskiy\work\nim351\can\src\can\xp\</FILEPATH></SFA><SFA><LINE>837</LINE><COLUMN>7</COLUMN><FILENAME>canutils.c</FILENAME><FILEPATH>c:\sergeybromirskiy\work\nim351\can\src\can\xp\</FILEPATH></SFA><SFA><LINE>848</LINE><COLUMN>7</COLUMN><FILENAME>canutils.c</FILENAME><FILEPATH>c:\sergeybromirskiy\work\nim351\can\src\can\xp\</FILEPATH></SFA><SFA><LINE>850</LINE><COLUMN>29</COLUMN><FILENAME>canutils.c</FILENAME><FILEPATH>c:\sergeybromirskiy\work\nim351\can\src\can\xp\</FILEPATH></SFA></PATH></DEFECT>
<DEFECT _seq="18"><SFA><LINE>881</LINE><COLUMN>27</COLUMN><FILENAME>canutils.c</FILENAME><FILEPATH>c:\sergeybromirskiy\work\nim351\can\src\can\xp\</FILEPATH></SFA><DEFECTCODE>28107</DEFECTCODE><DESCRIPTION>The CancelSpinLock '#CancelSpinLock' must be held when calling 'IoReleaseCancelSpinLock'.</DESCRIPTION><FUNCTION>CanTryToCompleteCurrent</FUNCTION><FUNCLINE>805</FUNCLINE><PATH><SFA><LINE>818</LINE><COLUMN>2</COLUMN><FILENAME>canutils.c</FILENAME><FILEPATH>c:\sergeybromirskiy\work\nim351\can\src\can\xp\</FILEPATH></SFA><SFA><LINE>822</LINE><COLUMN>2</COLUMN><FILENAME>canutils.c</FILENAME><FILEPATH>c:\sergeybromirskiy\work\nim351\can\src\can\xp\</FILEPATH></SFA><SFA><LINE>824</LINE><COLUMN>5</COLUMN><FILENAME>canutils.c</FILENAME><FILEPATH>c:\sergeybromirskiy\work\nim351\can\src\can\xp\</FILEPATH></SFA><SFA><LINE>827</LINE><COLUMN>5</COLUMN><FILENAME>canutils.c</FILENAME><FILEPATH>c:\sergeybromirskiy\work\nim351\can\src\can\xp\</FILEPATH></SFA><SFA><LINE>830</LINE><COLUMN>21</COLUMN><FILENAME>canutils.c</FILENAME><FILEPATH>c:\sergeybromirskiy\work\nim351\can\src\can\xp\</FILEPATH></SFA><SFA><LINE>833</LINE><COLUMN>22</COLUMN><FILENAME>canutils.c</FILENAME><FILEPATH>c:\sergeybromirskiy\work\nim351\can\src\can\xp\</FILEPATH></SFA><SFA><LINE>881</LINE><COLUMN>27</COLUMN><FILENAME>canutils.c</FILENAME><FILEPATH>c:\sergeybromirskiy\work\nim351\can\src\can\xp\</FILEPATH></SFA></PATH></DEFECT>
<DEFECT _seq="19"><SFA><LINE>900</LINE><COLUMN>5</COLUMN><FILENAME>canutils.c</FILENAME><FILEPATH>c:\sergeybromirskiy\work\nim351\can\src\can\xp\</FILEPATH></SFA><DEFECTCODE>28170</DEFECTCODE><DESCRIPTION>The function 'CanCancelQueued' has been declared to be in a paged segment, but neither PAGED_CODE nor PAGED_CODE_LOCKED was found.</DESCRIPTION><FUNCTION>CanCancelQueued</FUNCTION><FUNCLINE>900</FUNCLINE><PATH/></DEFECT>
<DEFECT _seq="20"><SFA><LINE>919</LINE><COLUMN>25</COLUMN><FILENAME>canutils.c</FILENAME><FILEPATH>c:\sergeybromirskiy\work\nim351\can\src\can\xp\</FILEPATH></SFA><DEFECTCODE>28107</DEFECTCODE><DESCRIPTION>The CancelSpinLock '#CancelSpinLock' must be held when calling 'IoReleaseCancelSpinLock'.</DESCRIPTION><FUNCTION>CanCancelQueued</FUNCTION><FUNCLINE>900</FUNCLINE><PATH><SFA><LINE>902</LINE><COLUMN>24</COLUMN><FILENAME>canutils.c</FILENAME><FILEPATH>c:\sergeybromirskiy\work\nim351\can\src\can\xp\</FILEPATH></SFA><SFA><LINE>903</LINE><COLUMN>21</COLUMN><FILENAME>canutils.c</FILENAME><FILEPATH>c:\sergeybromirskiy\work\nim351\can\src\can\xp\</FILEPATH></SFA><SFA><LINE>905</LINE><COLUMN>2</COLUMN><FILENAME>canutils.c</FILENAME><FILEPATH>c:\sergeybromirskiy\work\nim351\can\src\can\xp\</FILEPATH></SFA><SFA><LINE>907</LINE><COLUMN>23</COLUMN><FILENAME>canutils.c</FILENAME><FILEPATH>c:\sergeybromirskiy\work\nim351\can\src\can\xp\</FILEPATH></SFA><SFA><LINE>908</LINE><COLUMN>28</COLUMN><FILENAME>canutils.c</FILENAME><FILEPATH>c:\sergeybromirskiy\work\nim351\can\src\can\xp\</FILEPATH></SFA><SFA><LINE>910</LINE><COLUMN>17</COLUMN><FILENAME>canutils.c</FILENAME><FILEPATH>c:\sergeybromirskiy\work\nim351\can\src\can\xp\</FILEPATH></SFA><SFA><LINE>914</LINE><COLUMN>26</COLUMN><FILENAME>canutils.c</FILENAME><FILEPATH>c:\sergeybromirskiy\work\nim351\can\src\can\xp\</FILEPATH></SFA><SFA><LINE>919</LINE><COLUMN>25</COLUMN><FILENAME>canutils.c</FILENAME><FILEPATH>c:\sergeybromirskiy\work\nim351\can\src\can\xp\</FILEPATH></SFA></PATH></DEFECT>
<DEFECT _seq="21"><SFA><LINE>900</LINE><COLUMN>5</COLUMN><FILENAME>canutils.c</FILENAME><FILEPATH>c:\sergeybromirskiy\work\nim351\can\src\can\xp\</FILEPATH></SFA><DEFECTCODE>28167</DEFECTCODE><DESCRIPTION>The function 'CanCancelQueued' changes the IRQL and does not restore the IRQL before it exits. It should be annotated to reflect the change or the IRQL should be restored. IRQL was last set at line 919.</DESCRIPTION><FUNCTION>CanCancelQueued</FUNCTION><FUNCLINE>900</FUNCLINE><PATH><SFA><LINE>902</LINE><COLUMN>24</COLUMN><FILENAME>canutils.c</FILENAME><FILEPATH>c:\sergeybromirskiy\work\nim351\can\src\can\xp\</FILEPATH></SFA><SFA><LINE>903</LINE><COLUMN>21</COLUMN><FILENAME>canutils.c</FILENAME><FILEPATH>c:\sergeybromirskiy\work\nim351\can\src\can\xp\</FILEPATH></SFA><SFA><LINE>905</LINE><COLUMN>2</COLUMN><FILENAME>canutils.c</FILENAME><FILEPATH>c:\sergeybromirskiy\work\nim351\can\src\can\xp\</FILEPATH></SFA><SFA><LINE>907</LINE><COLUMN>23</COLUMN><FILENAME>canutils.c</FILENAME><FILEPATH>c:\sergeybromirskiy\work\nim351\can\src\can\xp\</FILEPATH></SFA><SFA><LINE>908</LINE><COLUMN>28</COLUMN><FILENAME>canutils.c</FILENAME><FILEPATH>c:\sergeybromirskiy\work\nim351\can\src\can\xp\</FILEPATH></SFA><SFA><LINE>910</LINE><COLUMN>17</COLUMN><FILENAME>canutils.c</FILENAME><FILEPATH>c:\sergeybromirskiy\work\nim351\can\src\can\xp\</FILEPATH></SFA><SFA><LINE>914</LINE><COLUMN>26</COLUMN><FILENAME>canutils.c</FILENAME><FILEPATH>c:\sergeybromirskiy\work\nim351\can\src\can\xp\</FILEPATH></SFA><SFA><LINE>919</LINE><COLUMN>25</COLUMN><FILENAME>canutils.c</FILENAME><FILEPATH>c:\sergeybromirskiy\work\nim351\can\src\can\xp\</FILEPATH></SFA><SFA><LINE>920</LINE><COLUMN>2</COLUMN><FILENAME>canutils.c</FILENAME><FILEPATH>c:\sergeybromirskiy\work\nim351\can\src\can\xp\</FILEPATH></SFA></PATH></DEFECT>
<DEFECT _seq="22"><SFA><LINE>939</LINE><COLUMN>9</COLUMN><FILENAME>canutils.c</FILENAME><FILEPATH>c:\sergeybromirskiy\work\nim351\can\src\can\xp\</FILEPATH></SFA><DEFECTCODE>28170</DEFECTCODE><DESCRIPTION>The function 'CanCompleteIfError' has been declared to be in a paged segment, but neither PAGED_CODE nor PAGED_CODE_LOCKED was found.</DESCRIPTION><FUNCTION>CanCompleteIfError</FUNCTION><FUNCLINE>939</FUNCLINE><PATH/></DEFECT>
<DEFECT _seq="23"><SFA><LINE>1003</LINE><COLUMN>9</COLUMN><FILENAME>canutils.c</FILENAME><FILEPATH>c:\sergeybromirskiy\work\nim351\can\src\can\xp\</FILEPATH></SFA><DEFECTCODE>28170</DEFECTCODE><DESCRIPTION>The function 'CanStartOrQueue' has been declared to be in a paged segment, but neither PAGED_CODE nor PAGED_CODE_LOCKED was found.</DESCRIPTION><FUNCTION>CanStartOrQueue</FUNCTION><FUNCLINE>1003</FUNCLINE><PATH/></DEFECT>
<DEFECT _seq="24"><SFA><LINE>1054</LINE><COLUMN>2</COLUMN><FILENAME>canutils.c</FILENAME><FILEPATH>c:\sergeybromirskiy\work\nim351\can\src\can\xp\</FILEPATH></SFA><DEFECTCODE>28155</DEFECTCODE><DESCRIPTION>The function being assigned or passed should be a DRIVER_CANCEL function:  Add the declaration 'DRIVER_CANCEL CanCancelQueued;' before the current first declaration of CanCancelQueued.</DESCRIPTION><FUNCTION>CanStartOrQueue</FUNCTION><FUNCLINE>1003</FUNCLINE><PATH/></DEFECT>
<DEFECT _seq="25"><SFA><LINE>1075</LINE><COLUMN>8</COLUMN><FILENAME>canutils.c</FILENAME><FILEPATH>c:\sergeybromirskiy\work\nim351\can\src\can\xp\</FILEPATH></SFA><DEFECTCODE>28170</DEFECTCODE><DESCRIPTION>The function 'CanGetState' has been declared to be in a paged segment, but neither PAGED_CODE nor PAGED_CODE_LOCKED was found.</DESCRIPTION><FUNCTION>CanGetState</FUNCTION><FUNCLINE>1075</FUNCLINE><PATH/></DEFECT>
<DEFECT _seq="26"><SFA><LINE>1085</LINE><COLUMN>12</COLUMN><FILENAME>canutils.c</FILENAME><FILEPATH>c:\sergeybromirskiy\work\nim351\can\src\can\xp\</FILEPATH></SFA><DEFECTCODE>28170</DEFECTCODE><DESCRIPTION>The function 'CanGetControllerStatus' has been declared to be in a paged segment, but neither PAGED_CODE nor PAGED_CODE_LOCKED was found.</DESCRIPTION><FUNCTION>CanGetControllerStatus</FUNCTION><FUNCLINE>1085</FUNCLINE><PATH/></DEFECT>
<DEFECT _seq="27"><SFA><LINE>1094</LINE><COLUMN>45</COLUMN><FILENAME>canutils.c</FILENAME><FILEPATH>c:\sergeybromirskiy\work\nim351\can\src\can\xp\</FILEPATH></SFA><DEFECTCODE>28155</DEFECTCODE><DESCRIPTION>The function being assigned or passed should be a KSYNCHRONIZE_ROUTINE function:  Add the declaration 'KSYNCHRONIZE_ROUTINE CanGetState;' before the current first declaration of CanGetState.</DESCRIPTION><FUNCTION>CanGetControllerStatus</FUNCTION><FUNCLINE>1085</FUNCLINE><PATH/></DEFECT>
<DEFECT _seq="28"><SFA><LINE>1117</LINE><COLUMN>8</COLUMN><FILENAME>canutils.c</FILENAME><FILEPATH>c:\sergeybromirskiy\work\nim351\can\src\can\xp\</FILEPATH></SFA><DEFECTCODE>28170</DEFECTCODE><DESCRIPTION>The function 'CanSignalEvent' has been declared to be in a paged segment, but neither PAGED_CODE nor PAGED_CODE_LOCKED was found.</DESCRIPTION><FUNCTION>CanSignalEvent</FUNCTION><FUNCLINE>1117</FUNCLINE><PATH/></DEFECT>
<DEFECT _seq="29"><SFA><LINE>1140</LINE><COLUMN>4</COLUMN><FILENAME>canutils.c</FILENAME><FILEPATH>c:\sergeybromirskiy\work\nim351\can\src\can\xp\</FILEPATH></SFA><DEFECTCODE>28170</DEFECTCODE><DESCRIPTION>The function 'CanGetTimeStamp' has been declared to be in a paged segment, but neither PAGED_CODE nor PAGED_CODE_LOCKED was found.</DESCRIPTION><FUNCTION>CanGetTimeStamp</FUNCTION><FUNCLINE>1140</FUNCLINE><PATH/></DEFECT>
</DEFECTS>
