<?xml version="1.0" encoding="windows-1250" ?>
<?xml-stylesheet type="text/xsl" href="style.xsl" ?>
<content lang="en" id="documentation">
    <h1>NLog Documentation</h1>

    <ul>
        <li><link href="tutorial">Tutorial - Introduction to NLog</link></li>
        <li><link href="wprowadzenie">Wprowadzenie do �ledzenia aplikacji przy pomocy NLoga (Tutorial in Polish)</link></li>
        <li><link href="visualstudio">Visual Studio Support</link></li>
        <li><link href="netapi">.NET API</link> - native API Reference</li>
        <li><link href="capi">C/C++ API</link> - a wrapper API to be used in legacy COM applications</li>
        <li><link href="comapi">COM API</link> - a wrapper API to be used in legacy C/C++ applications</li>
        <li><link href="targets">Log Target Reference</link></li>
        <li><link href="layoutrenderers">Layout Renderer Reference</link></li>
        <li><link href="filters">Filter Reference</link></li>
        <li><link href="conditions">Condition Reference</link></li>
        <li><link href="config">Configuration File Reference</link></li>
    </ul>

    <h3>How To...</h3>
    <ul>
        <li><link href="howto_write_target">How to write your own log Target</link></li>
        <li><link href="howto_write_layout_renderer">How to write your own Layout Renderer</link></li>
        <li><link href="howto_write_filter">How to write your own Filter</link></li>
        <li><link href="howto_write_condition_function">How to write your own Condition Function</link></li>
        <li><link href="howto_optimize_performance">How to optimize logging performance</link></li>
        <li><link href="howto_troubleshoot">How to troubleshoot your logging problems</link></li>
    </ul>
</content>
