﻿<results>
  <test logger="Non-logging" repetitions="1000000">
    <timing name="No formatting" totalTime="00:00:00.0280000" repetitions="1000000" logsPerSecond="35363310.3475529" nanosecondsPerLog="28.277895654336" />
    <timing name="1 format parameter" totalTime="00:00:01.2410000" repetitions="1000000" logsPerSecond="806088.362117499" nanosecondsPerLog="1240.5587861027" />
    <timing name="2 format parameters" totalTime="00:00:01.4120000" repetitions="1000000" logsPerSecond="707985.929463375" nanosecondsPerLog="1412.45744920095" />
    <timing name="3 format parameters" totalTime="00:00:01.8040000" repetitions="1000000" logsPerSecond="554175.359655984" nanosecondsPerLog="1804.48297199784" />
    <timing name="No formatting, using a guard" totalTime="00:00:00.0220000" repetitions="1000000" logsPerSecond="45324465.6604538" nanosecondsPerLog="22.063139309605" />
    <timing name="1 format parameter, using a guard" totalTime="00:00:00.0220000" repetitions="1000000" logsPerSecond="45213972.6408064" nanosecondsPerLog="22.1170567767691" />
    <timing name="2 format parameters, using a guard" totalTime="00:00:00.0220000" repetitions="1000000" logsPerSecond="45620802.1615284" nanosecondsPerLog="21.9198250056921" />
    <timing name="3 format parameters, using a guard" totalTime="00:00:00.0210000" repetitions="1000000" logsPerSecond="46684642.9735898" nanosecondsPerLog="21.4203201803581" />
  </test>
  <test logger="Null-appender without layout" repetitions="1000000">
    <timing name="No formatting" totalTime="00:00:00.0280000" repetitions="1000000" logsPerSecond="35327013.7970511" nanosecondsPerLog="28.3069496262793" />
    <timing name="1 format parameter" totalTime="00:00:01.3150000" repetitions="1000000" logsPerSecond="760293.893065727" nanosecondsPerLog="1315.28085273408" />
    <timing name="2 format parameters" totalTime="00:00:01.4180000" repetitions="1000000" logsPerSecond="705229.845495629" nanosecondsPerLog="1417.97742450507" />
    <timing name="3 format parameters" totalTime="00:00:01.7370000" repetitions="1000000" logsPerSecond="575578.755292621" nanosecondsPerLog="1737.38170633418" />
    <timing name="No formatting, using a guard" totalTime="00:00:00.0220000" repetitions="1000000" logsPerSecond="45359500.7286321" nanosecondsPerLog="22.0460980375998" />
    <timing name="1 format parameter, using a guard" totalTime="00:00:00.0220000" repetitions="1000000" logsPerSecond="45846931.1952457" nanosecondsPerLog="21.811710706249" />
    <timing name="2 format parameters, using a guard" totalTime="00:00:00.0210000" repetitions="1000000" logsPerSecond="46540181.7638111" nanosecondsPerLog="21.48680907769" />
    <timing name="3 format parameters, using a guard" totalTime="00:00:00.0210000" repetitions="1000000" logsPerSecond="46591065.8735634" nanosecondsPerLog="21.4633424080435" />
  </test>
  <test logger="Null-appender with layout rendering" repetitions="1000000">
    <timing name="No formatting" totalTime="00:00:00.0280000" repetitions="1000000" logsPerSecond="35588325.9430117" nanosecondsPerLog="28.0991019808383" />
    <timing name="1 format parameter" totalTime="00:00:01.2550000" repetitions="1000000" logsPerSecond="797113.148338008" nanosecondsPerLog="1254.5270418447" />
    <timing name="2 format parameters" totalTime="00:00:01.4120000" repetitions="1000000" logsPerSecond="708372.623656914" nanosecondsPerLog="1411.68640148399" />
    <timing name="3 format parameters" totalTime="00:00:01.7430000" repetitions="1000000" logsPerSecond="573827.111807913" nanosecondsPerLog="1742.68517367431" />
    <timing name="No formatting, using a guard" totalTime="00:00:00.0220000" repetitions="1000000" logsPerSecond="45360075.5252553" nanosecondsPerLog="22.0458186724849" />
    <timing name="1 format parameter, using a guard" totalTime="00:00:00.0210000" repetitions="1000000" logsPerSecond="46558947.4779532" nanosecondsPerLog="21.47814875913" />
    <timing name="2 format parameters, using a guard" totalTime="00:00:00.0220000" repetitions="1000000" logsPerSecond="46474319.0257329" nanosecondsPerLog="21.5172598752076" />
    <timing name="3 format parameters, using a guard" totalTime="00:00:00.0220000" repetitions="1000000" logsPerSecond="45980025.6904303" nanosecondsPerLog="21.7485741902951" />
  </test>
</results>