<?xml version="1.0" encoding="windows-1250" ?>
<?xml-stylesheet type="text/xsl" href="style.xsl" ?>
<content lang="en" id="download" subid="subversion">
    <h3>Subversion Repository</h3>
    <p>NLog uses Subversion 1.0 (<a href="http://subversion.tigris.org">http://subversion.tigris.org</a>)
        as its version control system. We recommend a very good Win32 Subversion client called <a href="http://tortoisesvn.tigris.org">TortoiseSVN</a>.</p>
    <p>You can grab the latest sources of the library and supporting tools at: <a href="http://svn.sav.net/repos/nlog/trunk/NLog">http://svn.sav.net/repos/nlog/trunk/NLog</a>.
        Contact <a href="mailto:jaak@jkowalski.net">Jarek</a> to get Subversion access.</p>
    <h5>Daily Subversion Snapshots</h5>
    <p>
        The source snapshots are automatically generated on each day and 
        are available <a href="http://svn.sav.net/snapshots/">here</a>.
    </p>
</content>

