<?xml version="1.0" encoding="windows-1250" ?>
<?xml-stylesheet type="text/xsl" href="style.xsl" ?>
<content lang="en" id="documentation" xmlns:xsi="http://www.w3.org/2001/XMLSchema-instance">
    <h3>Visual Studio Integration</h3>
    <p>
        NLog integrates with Visual Studio 2005 (including Visual C# and Visual Basic.NET Express Editions). 
        Integration with Visual Studio.NET 2002 and 2003 is also supported, but not all features are available.
        Click on one of the following features for an example:
    </p>
    <ol>
        <li><a href="#intellisense">Intellisense(TM)</a></li>
        <li><a href="#addreference">Integration with Add/Reference dialog</a></li>
        <li><a href="#itemtemplates">New Item Templates</a></li>
        <li><a href="#codesnippets">Code Snippets</a></li>
    </ol>

    <a name="intellisense" />
    <h5>Intellisense(TM)</h5>
    <p>
        NLog supports Intellisense when editing XML configuration files (both App.config-style, and stand-alone).
        All you need to do is add two namespace declarations to the <x><nlog /></x> tag:
    </p>
    <code lang="XML">
        <![CDATA[
<nlog xmlns="http://www.nlog-project.org/schemas/NLog.xsd"
    xmlns:xsi="http://www.w3.org/2001/XMLSchema-instance">
    <!-- configuration goes here -->
</nlog>
        ]]>
    </code>
    <p>
        The other change necessary is turning <x><target type="TypeName" /></x> into <x><target xsi:type="TypeName" /></x>. Once you do this, 
        you really good support for Intellisense and config file validation in Visual Studio as demonstrated 
        in <a href="http://www.nlog-project.org/demos/NLogDemo1.html">this movie</a> (22 MB Flash - broadband connection recommended).
    </p>
    
    <a name="addreference" />
    <h5>Integration with Add/Reference dialog</h5>
    <p>
        NLog Setup registers the appropriate <i>AssemblyFolders</i> entry in registry so that Visual Studio is able to
        locate the *.dll files and present them in Add Reference dialog. This is supported in all Visual Studio versions.
    </p>
    <img src="visualstudio_addreference.gif" />
    <a name="itemtemplates" />
    <h5>New Item Templates</h5>
    <p>
        NLog comes with 3 sample configuration files that can be quickly added to you project through Add New Item dialog. They are:
        <ul>
            <li>configuration file that defines one <a href="targets.html">File Target</a> (typical)</li>
            <li>configuration file that defines one <a href="targets.html">Console Target</a></li>
            <li>empty configuration file</li>
        </ul>
    </p>
    <p>
        <b style="color:red">Please note that you need to change "Copy To Output Directory" option on the NLog.config to "Copy Always"</b>
        "New Item" templates are only supported with Visual Studio 2005 (including Express Editions).
    </p>

    <img src="visualstudio_addnewitem.gif" />

    <a name="codesnippets" />
    <h5>Code Snippets</h5>
    <p>
        NLog installs a Visual Studio 2005 Code Snippet called "<c>nlogger</c>" that can be used to quickly declare a logger instance. It inserts the following
        piece of text:
    </p>
    <code lang="C#">
        private static Logger logger = LogManager.GetCurrentClassLogger();
    </code>
</content>
